sales_id,customer_id,product_id,region_id,channel_id,month_key,order_date,quantity,unit_price,discount_rate,revenue,cost,profit,margin
SALE010001,CUST021,PRD001,2,1,2023-01,2023-01-01,2,3449.44,0.02,6760.9,3885.61,2875.29,0.4253
SALE010002,CUST054,PRD004,4,1,2023-01,2023-01-01,4,16836.62,0.0,67346.48,44441.48,22905.0,0.3401
SALE010003,CUST032,PRD003,3,2,2023-01,2023-01-01,3,13493.18,0.08,37241.18,28169.33,9071.85,0.2436
SALE010004,CUST035,PRD004,2,2,2023-01,2023-01-01,9,10091.45,0.14,78107.82,56702.68,21405.14,0.274
SALE010005,CUST009,PRD008,3,4,2023-01,2023-01-01,4,22427.37,0.15,76253.06,65594.2,10658.86,0.1398
SALE010006,CUST024,PRD008,3,2,2023-01,2023-01-01,2,4863.36,0.08,8948.58,6680.99,2267.59,0.2534
SALE010007,CUST011,PRD006,3,3,2023-01,2023-01-01,8,2864.55,0.07,21312.25,14898.42,6413.83,0.3009
SALE010008,CUST021,PRD007,2,4,2023-01,2023-01-01,11,19427.0,0.05,203012.15,157515.23,45496.92,0.2241
SALE010009,CUST057,PRD005,4,4,2023-01,2023-01-01,6,10774.93,0.11,57538.13,40339.65,17198.48,0.2989
SALE010010,CUST028,PRD005,4,2,2023-01,2023-01-01,1,4473.22,0.09,4070.63,3361.98,708.65,0.1741
SALE010011,CUST027,PRD006,4,4,2023-01,2023-01-01,4,3231.37,0.18,10598.89,9817.05,781.84,0.0738
SALE010012,CUST002,PRD006,3,1,2023-01,2023-01-01,10,20871.42,0.1,187842.78,127480.23,60362.55,0.3213
SALE010013,CUST022,PRD003,4,4,2023-01,2023-01-01,9,24612.92,0.13,192719.16,152333.83,40385.33,0.2096
SALE010014,CUST032,PRD007,3,3,2023-01,2023-01-01,3,4996.77,0.07,13940.99,9860.64,4080.35,0.2927
SALE010015,CUST005,PRD005,3,4,2023-01,2023-01-01,1,4050.38,0.06,3807.36,2694.19,1113.17,0.2924
SALE010016,CUST052,PRD008,2,4,2023-01,2023-01-01,5,19463.04,0.12,85637.38,67091.76,18545.62,0.2166
SALE010017,CUST036,PRD007,4,2,2023-01,2023-01-01,6,18251.76,0.11,97464.4,60360.51,37103.89,0.3807
SALE010018,CUST060,PRD007,3,4,2023-01,2023-01-01,8,3153.34,0.0,25226.72,19414.69,5812.03,0.2304
SALE010019,CUST006,PRD001,2,3,2023-01,2023-01-01,6,12287.95,0.04,70778.59,41591.15,29187.44,0.4124
SALE010020,CUST008,PRD008,3,1,2023-01,2023-01-01,8,22954.28,0.06,172616.19,124562.42,48053.77,0.2784
SALE010021,CUST025,PRD002,3,1,2023-01,2023-01-01,7,9230.83,0.14,55569.6,38567.98,17001.62,0.306
SALE010022,CUST049,PRD003,1,2,2023-01,2023-01-01,9,2031.44,0.11,16271.83,13823.81,2448.02,0.1504
SALE010023,CUST030,PRD006,3,1,2023-01,2023-01-01,6,1763.87,0.16,8889.9,6350.19,2539.71,0.2857
SALE010024,CUST059,PRD007,4,4,2023-01,2023-01-01,8,19399.44,0.05,147435.74,96908.9,50526.84,0.3427
SALE010025,CUST002,PRD007,3,2,2023-01,2023-01-01,3,23032.99,0.08,63571.05,40218.0,23353.05,0.3674
SALE010026,CUST017,PRD007,2,2,2023-01,2023-01-01,4,22652.71,0.12,79737.54,60450.19,19287.35,0.2419
SALE010027,CUST013,PRD002,2,2,2023-01,2023-01-01,7,17417.65,0.1,109731.2,73810.95,35920.25,0.3273
SALE010028,CUST011,PRD003,3,2,2023-01,2023-01-01,6,12978.53,0.03,75535.04,57743.42,17791.62,0.2355
SALE010029,CUST055,PRD006,4,1,2023-01,2023-01-01,6,7596.15,0.16,38284.6,34614.87,3669.73,0.0959
SALE010030,CUST052,PRD001,2,1,2023-01,2023-01-01,7,23630.54,0.05,157143.09,100545.77,56597.32,0.3602
SALE010031,CUST040,PRD004,1,4,2023-01,2023-01-01,10,14815.92,0.14,127416.91,115068.52,12348.39,0.0969
SALE010032,CUST023,PRD005,4,1,2023-01,2023-01-01,7,9323.3,0.01,64610.47,39282.48,25327.99,0.392
SALE010033,CUST054,PRD003,4,1,2023-01,2023-01-01,2,16225.97,0.06,30504.82,19563.87,10940.95,0.3587
SALE010034,CUST001,PRD006,3,1,2023-01,2023-01-01,5,19229.85,0.04,92303.28,60927.76,31375.52,0.3399
SALE010035,CUST022,PRD004,4,2,2023-01,2023-01-01,3,9185.82,0.09,25077.29,19165.62,5911.67,0.2357
SALE010036,CUST042,PRD002,2,1,2023-01,2023-01-01,6,16957.43,0.01,100727.13,75012.5,25714.63,0.2553
SALE010037,CUST011,PRD001,3,4,2023-01,2023-01-01,4,19617.93,0.16,65916.24,55793.81,10122.43,0.1536
SALE010038,CUST053,PRD005,4,4,2023-01,2023-01-01,5,5320.77,0.06,25007.62,17520.8,7486.82,0.2994
SALE010039,CUST001,PRD008,3,3,2023-01,2023-01-01,6,1345.71,0.09,7347.58,4781.25,2566.33,0.3493
SALE010040,CUST024,PRD004,3,3,2023-01,2023-01-01,9,18388.24,0.01,163839.22,117995.38,45843.84,0.2798
SALE020001,CUST047,PRD006,2,2,2023-02,2023-02-01,7,9230.9,0.15,54923.85,38787.39,16136.46,0.2938
SALE020002,CUST034,PRD005,4,2,2023-02,2023-02-01,10,24656.43,0.15,209579.65,159707.32,49872.33,0.238
SALE020003,CUST029,PRD001,4,3,2023-02,2023-02-01,4,5296.57,0.09,19279.51,14418.69,4860.82,0.2521
SALE020004,CUST006,PRD007,2,3,2023-02,2023-02-01,6,17582.53,0.16,88615.95,80195.84,8420.11,0.095
SALE020005,CUST048,PRD008,3,3,2023-02,2023-02-01,9,24404.24,0.05,208656.25,138626.12,70030.13,0.3356
SALE020006,CUST020,PRD007,3,2,2023-02,2023-02-01,10,19690.17,0.11,175242.51,129743.62,45498.89,0.2596
SALE020007,CUST044,PRD004,3,3,2023-02,2023-02-01,7,23088.73,0.11,143842.79,108404.43,35438.36,0.2464
SALE020008,CUST001,PRD008,3,2,2023-02,2023-02-01,8,23988.87,0.14,165043.43,137689.54,27353.89,0.1657
SALE020009,CUST036,PRD005,4,3,2023-02,2023-02-01,6,23899.83,0.01,141964.99,81352.79,60612.2,0.427
SALE020010,CUST010,PRD002,2,3,2023-02,2023-02-01,11,3137.64,0.09,31407.78,24851.04,6556.74,0.2088
SALE020011,CUST051,PRD005,3,2,2023-02,2023-02-01,2,12787.07,0.1,23016.73,18336.36,4680.37,0.2033
SALE020012,CUST040,PRD006,1,3,2023-02,2023-02-01,10,8000.05,0.1,72000.45,57876.45,14124.0,0.1962
SALE020013,CUST058,PRD003,3,1,2023-02,2023-02-01,7,10859.16,0.16,63851.86,59143.93,4707.93,0.0737
SALE020014,CUST018,PRD005,1,1,2023-02,2023-02-01,10,2595.2,0.15,22059.2,18769.17,3290.03,0.1491
SALE020015,CUST053,PRD006,4,1,2023-02,2023-02-01,7,6087.87,0.08,39205.88,27900.8,11305.08,0.2884
SALE020016,CUST048,PRD005,3,3,2023-02,2023-02-01,2,16441.51,0.06,30910.04,21584.56,9325.48,0.3017
SALE020017,CUST026,PRD002,1,4,2023-02,2023-02-01,5,2137.46,0.01,10580.43,7092.31,3488.12,0.3297
SALE020018,CUST027,PRD007,4,2,2023-02,2023-02-01,5,12138.16,0.15,51587.18,33517.48,18069.7,0.3503
SALE020019,CUST025,PRD002,3,2,2023-02,2023-02-01,11,10287.98,0.01,112036.1,69192.01,42844.09,0.3824
SALE020020,CUST022,PRD008,4,3,2023-02,2023-02-01,1,14944.69,0.13,13001.88,11530.32,1471.56,0.1132
SALE020021,CUST024,PRD003,3,3,2023-02,2023-02-01,5,7560.76,0.03,36669.69,24594.93,12074.76,0.3293
SALE020022,CUST034,PRD007,4,1,2023-02,2023-02-01,10,12163.33,0.18,99739.31,72792.15,26947.16,0.2702
SALE020023,CUST055,PRD003,4,3,2023-02,2023-02-01,11,23487.14,0.15,219604.76,197052.93,22551.83,0.1027
SALE020024,CUST044,PRD003,3,2,2023-02,2023-02-01,5,8869.05,0.13,38580.37,25368.6,13211.77,0.3424
SALE020025,CUST054,PRD003,4,1,2023-02,2023-02-01,3,12714.76,0.07,35474.18,21285.88,14188.3,0.4
SALE020026,CUST025,PRD005,3,2,2023-02,2023-02-01,11,11253.66,0.16,103983.82,92102.94,11880.88,0.1143
SALE020027,CUST013,PRD006,2,4,2023-02,2023-02-01,7,4124.61,0.12,25407.6,16549.44,8858.16,0.3486
SALE020028,CUST012,PRD005,1,1,2023-02,2023-02-01,11,15953.13,0.04,168465.05,98321.51,70143.54,0.4164
SALE020029,CUST047,PRD005,2,4,2023-02,2023-02-01,10,15446.11,0.1,139014.99,94616.27,44398.72,0.3194
SALE020030,CUST025,PRD008,3,4,2023-02,2023-02-01,10,23139.03,0.08,212879.08,163304.04,49575.04,0.2329
SALE020031,CUST049,PRD005,1,2,2023-02,2023-02-01,9,21161.51,0.11,169503.7,128654.05,40849.65,0.241
SALE020032,CUST003,PRD005,3,1,2023-02,2023-02-01,5,10614.23,0.15,45110.48,38547.74,6562.74,0.1455
SALE020033,CUST042,PRD007,2,4,2023-02,2023-02-01,3,21951.02,0.12,57950.69,50397.6,7553.09,0.1303
SALE020034,CUST021,PRD004,2,3,2023-02,2023-02-01,5,18877.56,0.09,85892.9,53422.07,32470.83,0.378
SALE020035,CUST041,PRD004,3,4,2023-02,2023-02-01,5,18479.25,0.07,85928.51,52866.91,33061.6,0.3848
SALE020036,CUST020,PRD004,3,2,2023-02,2023-02-01,11,23190.6,0.03,247443.7,147416.49,100027.21,0.4042
SALE020037,CUST050,PRD003,2,3,2023-02,2023-02-01,8,9753.36,0.11,69443.92,60779.16,8664.76,0.1248
SALE020038,CUST051,PRD008,3,1,2023-02,2023-02-01,5,15929.71,0.11,70887.21,60409.27,10477.94,0.1478
SALE020039,CUST035,PRD004,2,4,2023-02,2023-02-01,3,24961.86,0.01,74136.72,56350.47,17786.25,0.2399
SALE020040,CUST047,PRD004,2,2,2023-02,2023-02-01,5,22479.05,0.07,104527.58,81666.79,22860.79,0.2187
SALE030001,CUST026,PRD007,1,4,2023-03,2023-03-01,6,4161.5,0.13,21723.03,17741.78,3981.25,0.1833
SALE030002,CUST007,PRD003,3,2,2023-03,2023-03-01,1,14034.32,0.06,13192.26,10821.33,2370.93,0.1797
SALE030003,CUST015,PRD002,1,3,2023-03,2023-03-01,1,17798.38,0.06,16730.48,11991.86,4738.62,0.2832
SALE030004,CUST026,PRD003,1,2,2023-03,2023-03-01,5,10691.28,0.14,45972.5,38150.03,7822.47,0.1702
SALE030005,CUST044,PRD006,3,3,2023-03,2023-03-01,5,19400.64,0.13,84392.78,57827.88,26564.9,0.3148
SALE030006,CUST005,PRD005,3,4,2023-03,2023-03-01,8,16500.56,0.09,120124.08,75212.17,44911.91,0.3739
SALE030007,CUST053,PRD006,4,1,2023-03,2023-03-01,2,22976.57,0.1,41357.83,29367.5,11990.33,0.2899
SALE030008,CUST057,PRD001,4,3,2023-03,2023-03-01,6,5598.41,0.11,29895.51,23468.82,6426.69,0.215
SALE030009,CUST017,PRD004,2,4,2023-03,2023-03-01,5,2830.63,0.11,12596.3,8769.0,3827.3,0.3038
SALE030010,CUST004,PRD006,3,2,2023-03,2023-03-01,7,11387.72,0.02,78119.76,61899.48,16220.28,0.2076
SALE030011,CUST044,PRD004,3,1,2023-03,2023-03-01,5,7714.82,0.1,34716.69,28125.83,6590.86,0.1898
SALE030012,CUST014,PRD003,3,4,2023-03,2023-03-01,8,11964.91,0.12,84232.97,58234.47,25998.5,0.3086
SALE030013,CUST041,PRD005,3,1,2023-03,2023-03-01,5,4189.99,0.01,20740.45,14557.15,6183.3,0.2981
SALE030014,CUST057,PRD007,4,4,2023-03,2023-03-01,9,14443.21,0.03,126089.22,95048.3,31040.92,0.2462
SALE030015,CUST001,PRD007,3,1,2023-03,2023-03-01,8,4589.56,0.05,34880.66,22826.59,12054.07,0.3456
SALE030016,CUST031,PRD006,1,4,2023-03,2023-03-01,11,23718.58,0.07,242641.07,146087.0,96554.07,0.3979
SALE030017,CUST044,PRD005,3,4,2023-03,2023-03-01,7,5892.68,0.06,38773.83,24481.39,14292.44,0.3686
SALE030018,CUST052,PRD006,2,2,2023-03,2023-03-01,2,4436.85,0.04,8518.75,5599.57,2919.18,0.3427
SALE030019,CUST016,PRD008,3,3,2023-03,2023-03-01,2,6079.95,0.04,11673.5,8813.14,2860.36,0.245
SALE030020,CUST037,PRD003,3,1,2023-03,2023-03-01,3,10026.4,0.16,25266.53,20047.13,5219.4,0.2066
SALE030021,CUST027,PRD004,4,1,2023-03,2023-03-01,1,1789.89,0.02,1754.09,1262.34,491.75,0.2803
SALE030022,CUST037,PRD006,3,2,2023-03,2023-03-01,11,14895.16,0.07,152377.49,118643.98,33733.51,0.2214
SALE030023,CUST031,PRD003,1,1,2023-03,2023-03-01,5,3452.89,0.16,14502.14,12027.9,2474.24,0.1706
SALE030024,CUST028,PRD008,4,3,2023-03,2023-03-01,9,21458.61,0.12,169952.19,108438.21,61513.98,0.3619
SALE030025,CUST035,PRD006,2,2,2023-03,2023-03-01,5,14044.78,0.07,65308.23,44541.98,20766.25,0.318
SALE030026,CUST046,PRD002,4,2,2023-03,2023-03-01,1,11268.1,0.0,11268.1,7159.28,4108.82,0.3646
SALE030027,CUST003,PRD006,3,1,2023-03,2023-03-01,10,20001.15,0.03,194011.15,124937.84,69073.31,0.356
SALE030028,CUST056,PRD002,3,1,2023-03,2023-03-01,10,10297.76,0.16,86501.18,60482.2,26018.98,0.3008
SALE030029,CUST018,PRD004,1,1,2023-03,2023-03-01,10,15939.34,0.07,148235.86,113544.64,34691.22,0.234
SALE030030,CUST003,PRD001,3,1,2023-03,2023-03-01,10,6076.9,0.03,58945.93,35159.36,23786.57,0.4035
SALE030031,CUST035,PRD001,2,4,2023-03,2023-03-01,9,1366.3,0.02,12050.77,9485.6,2565.17,0.2129
SALE030032,CUST019,PRD008,1,4,2023-03,2023-03-01,4,2330.79,0.06,8763.77,5635.24,3128.53,0.357
SALE030033,CUST030,PRD005,3,1,2023-03,2023-03-01,9,8701.72,0.0,78315.48,53990.56,24324.92,0.3106
SALE030034,CUST039,PRD004,4,2,2023-03,2023-03-01,7,23339.86,0.08,150308.7,101947.47,48361.23,0.3217
SALE030035,CUST018,PRD003,1,2,2023-03,2023-03-01,6,2777.29,0.03,16163.83,11397.15,4766.68,0.2949
SALE030036,CUST020,PRD002,3,1,2023-03,2023-03-01,5,1959.19,0.09,8914.31,7251.24,1663.07,0.1866
SALE030037,CUST047,PRD008,2,1,2023-03,2023-03-01,10,1626.8,0.17,13502.44,9910.74,3591.7,0.266
SALE030038,CUST021,PRD003,2,2,2023-03,2023-03-01,11,8698.78,0.14,82290.46,68463.64,13826.82,0.168
SALE030039,CUST048,PRD004,3,4,2023-03,2023-03-01,9,14798.66,0.17,110545.99,97639.53,12906.46,0.1168
SALE030040,CUST044,PRD004,3,1,2023-03,2023-03-01,8,17071.91,0.15,116088.99,81892.97,34196.02,0.2946
SALE040001,CUST004,PRD005,3,1,2023-04,2023-04-01,8,4444.56,0.08,32711.96,22710.97,10000.99,0.3057
SALE040002,CUST049,PRD004,1,2,2023-04,2023-04-01,3,2653.58,0.07,7403.49,6152.08,1251.41,0.169
SALE040003,CUST036,PRD001,4,2,2023-04,2023-04-01,7,5474.36,0.02,37554.11,26293.53,11260.58,0.2998
SALE040004,CUST037,PRD005,3,2,2023-04,2023-04-01,7,2160.82,0.05,14369.45,11330.71,3038.74,0.2115
SALE040005,CUST009,PRD005,3,1,2023-04,2023-04-01,10,6474.5,0.16,54385.8,49598.31,4787.49,0.088
SALE040006,CUST032,PRD002,3,4,2023-04,2023-04-01,3,1695.77,0.06,4782.07,2879.34,1902.73,0.3979
SALE040007,CUST017,PRD001,2,4,2023-04,2023-04-01,11,1523.4,0.09,15249.23,11569.02,3680.21,0.2413
SALE040008,CUST052,PRD005,2,3,2023-04,2023-04-01,9,5733.32,0.16,43343.9,37993.63,5350.27,0.1234
SALE040009,CUST037,PRD003,3,4,2023-04,2023-04-01,4,12391.38,0.14,42626.35,27425.78,15200.57,0.3566
SALE040010,CUST051,PRD005,3,3,2023-04,2023-04-01,11,12678.7,0.05,132492.42,99018.84,33473.58,0.2526
SALE040011,CUST035,PRD002,2,4,2023-04,2023-04-01,7,17894.69,0.09,113989.18,87315.61,26673.57,0.234
SALE040012,CUST048,PRD001,3,1,2023-04,2023-04-01,1,11578.23,0.07,10767.75,8415.77,2351.98,0.2184
SALE040013,CUST025,PRD008,3,4,2023-04,2023-04-01,5,11211.06,0.13,48768.11,37992.19,10775.92,0.221
SALE040014,CUST032,PRD005,3,1,2023-04,2023-04-01,8,9001.31,0.11,64089.33,41584.68,22504.65,0.3511
SALE040015,CUST021,PRD006,2,1,2023-04,2023-04-01,6,24638.46,0.01,146352.45,84489.42,61863.03,0.4227
SALE040016,CUST006,PRD008,2,1,2023-04,2023-04-01,7,5864.86,0.13,35717.0,23774.24,11942.76,0.3344
SALE040017,CUST021,PRD004,2,3,2023-04,2023-04-01,6,6279.72,0.03,36547.97,20945.26,15602.71,0.4269
SALE040018,CUST044,PRD003,3,3,2023-04,2023-04-01,3,6495.31,0.03,18901.35,10860.69,8040.66,0.4254
SALE040019,CUST013,PRD003,2,3,2023-04,2023-04-01,11,19041.69,0.07,194796.49,135161.96,59634.53,0.3061
SALE040020,CUST052,PRD007,2,2,2023-04,2023-04-01,11,7798.2,0.16,72055.37,66053.43,6001.94,0.0833
SALE040021,CUST028,PRD004,4,3,2023-04,2023-04-01,10,17805.29,0.14,153125.49,105855.3,47270.19,0.3087
SALE040022,CUST012,PRD002,1,4,2023-04,2023-04-01,1,9918.43,0.17,8232.3,6491.67,1740.63,0.2114
SALE040023,CUST030,PRD006,3,2,2023-04,2023-04-01,1,16490.09,0.01,16325.19,9934.41,6390.78,0.3915
SALE040024,CUST048,PRD005,3,1,2023-04,2023-04-01,4,15215.9,0.08,55994.51,42303.17,13691.34,0.2445
SALE040025,CUST058,PRD006,3,1,2023-04,2023-04-01,7,15309.66,0.12,94307.51,61631.32,32676.19,0.3465
SALE040026,CUST032,PRD006,3,1,2023-04,2023-04-01,6,9461.2,0.09,51658.15,38384.26,13273.89,0.257
SALE040027,CUST048,PRD004,3,4,2023-04,2023-04-01,1,9774.91,0.07,9090.67,7589.37,1501.3,0.1651
SALE040028,CUST050,PRD003,2,1,2023-04,2023-04-01,8,21925.8,0.07,163127.95,100576.03,62551.92,0.3835
SALE040029,CUST049,PRD002,1,1,2023-04,2023-04-01,2,10961.37,0.18,17976.65,16570.58,1406.07,0.0782
SALE040030,CUST020,PRD003,3,3,2023-04,2023-04-01,3,11008.17,0.04,31703.53,23125.82,8577.71,0.2706
SALE040031,CUST057,PRD003,4,2,2023-04,2023-04-01,4,19345.07,0.12,68094.65,44041.49,24053.16,0.3532
SALE040032,CUST027,PRD001,4,2,2023-04,2023-04-01,11,24159.32,0.1,239177.27,159987.18,79190.09,0.3311
SALE040033,CUST054,PRD001,4,3,2023-04,2023-04-01,7,10979.57,0.1,69171.29,58414.86,10756.43,0.1555
SALE040034,CUST001,PRD005,3,2,2023-04,2023-04-01,8,13985.92,0.16,93985.38,65612.25,28373.13,0.3019
SALE040035,CUST028,PRD003,4,4,2023-04,2023-04-01,7,22047.18,0.12,135810.63,117217.18,18593.45,0.1369
SALE040036,CUST015,PRD005,1,2,2023-04,2023-04-01,11,24675.77,0.18,222575.45,165777.83,56797.62,0.2552
SALE040037,CUST044,PRD007,3,4,2023-04,2023-04-01,6,18948.3,0.09,103457.72,77734.29,25723.43,0.2486
SALE040038,CUST021,PRD003,2,2,2023-04,2023-04-01,9,16499.72,0.03,144042.56,102492.05,41550.51,0.2885
SALE040039,CUST054,PRD001,4,1,2023-04,2023-04-01,2,17394.01,0.09,31657.1,21134.69,10522.41,0.3324
SALE040040,CUST024,PRD003,3,3,2023-04,2023-04-01,10,12947.27,0.18,106167.61,93981.39,12186.22,0.1148
SALE050001,CUST024,PRD001,3,2,2023-05,2023-05-01,10,21404.97,0.05,203347.21,121972.66,81374.55,0.4002
SALE050002,CUST005,PRD006,3,1,2023-05,2023-05-01,11,11654.76,0.07,119228.19,94687.22,24540.97,0.2058
SALE050003,CUST031,PRD008,1,1,2023-05,2023-05-01,9,7681.61,0.1,62221.04,45813.62,16407.42,0.2637
SALE050004,CUST042,PRD007,2,2,2023-05,2023-05-01,7,14146.12,0.03,96052.15,71693.12,24359.03,0.2536
SALE050005,CUST025,PRD005,3,4,2023-05,2023-05-01,5,16880.69,0.06,79339.24,57004.81,22334.43,0.2815
SALE050006,CUST025,PRD001,3,3,2023-05,2023-05-01,9,9928.63,0.11,79528.33,53998.62,25529.71,0.321
SALE050007,CUST020,PRD005,3,1,2023-05,2023-05-01,5,18748.47,0.11,83430.69,53431.41,29999.28,0.3596
SALE050008,CUST004,PRD008,3,2,2023-05,2023-05-01,11,23916.63,0.17,218358.83,190178.5,28180.33,0.1291
SALE050009,CUST001,PRD003,3,2,2023-05,2023-05-01,6,22821.72,0.12,120498.68,94827.05,25671.63,0.213
SALE050010,CUST013,PRD003,2,1,2023-05,2023-05-01,6,12956.73,0.08,71521.15,59424.57,12096.58,0.1691
SALE050011,CUST031,PRD002,1,1,2023-05,2023-05-01,3,20127.76,0.13,52533.45,34352.97,18180.48,0.3461
SALE050012,CUST013,PRD005,2,1,2023-05,2023-05-01,11,9886.47,0.06,102226.1,72750.59,29475.51,0.2883
SALE050013,CUST056,PRD005,3,2,2023-05,2023-05-01,4,24875.2,0.01,98505.79,72010.88,26494.91,0.269
SALE050014,CUST031,PRD003,1,4,2023-05,2023-05-01,1,18727.56,0.02,18353.01,12976.39,5376.62,0.293
SALE050015,CUST016,PRD002,3,1,2023-05,2023-05-01,6,10246.31,0.11,54715.3,34842.75,19872.55,0.3632
SALE050016,CUST054,PRD007,4,2,2023-05,2023-05-01,2,22267.1,0.1,40080.78,28158.54,11922.24,0.2975
SALE050017,CUST057,PRD004,4,1,2023-05,2023-05-01,6,11647.0,0.05,66387.9,52335.41,14052.49,0.2117
SALE050018,CUST009,PRD003,3,1,2023-05,2023-05-01,5,6007.62,0.01,29737.72,21008.58,8729.14,0.2935
SALE050019,CUST034,PRD001,4,1,2023-05,2023-05-01,2,11876.69,0.07,22090.64,17861.86,4228.78,0.1914
SALE050020,CUST023,PRD004,4,3,2023-05,2023-05-01,7,12406.56,0.01,85977.46,49463.56,36513.9,0.4247
SALE050021,CUST032,PRD006,3,1,2023-05,2023-05-01,4,1837.91,0.02,7204.61,4470.1,2734.51,0.3796
SALE050022,CUST017,PRD003,2,1,2023-05,2023-05-01,3,7993.69,0.16,20144.1,17994.16,2149.94,0.1067
SALE050023,CUST010,PRD005,2,4,2023-05,2023-05-01,11,7969.73,0.05,83283.68,66346.79,16936.89,0.2034
SALE050024,CUST046,PRD004,4,1,2023-05,2023-05-01,3,23135.8,0.16,58302.22,41310.31,16991.91,0.2914
SALE050025,CUST030,PRD008,3,3,2023-05,2023-05-01,3,2980.07,0.09,8135.59,6369.09,1766.5,0.2171
SALE050026,CUST021,PRD005,2,2,2023-05,2023-05-01,3,4361.87,0.12,11515.34,9274.63,2240.71,0.1946
SALE050027,CUST007,PRD004,3,4,2023-05,2023-05-01,7,13364.97,0.06,87941.5,52130.94,35810.56,0.4072
SALE050028,CUST050,PRD005,2,3,2023-05,2023-05-01,2,10316.42,0.08,18982.21,15437.25,3544.96,0.1868
SALE050029,CUST048,PRD005,3,3,2023-05,2023-05-01,5,8186.47,0.16,34383.17,26852.27,7530.9,0.219
SALE050030,CUST045,PRD003,4,3,2023-05,2023-05-01,1,16315.07,0.15,13867.81,10403.35,3464.46,0.2498
SALE050031,CUST014,PRD002,3,4,2023-05,2023-05-01,2,14440.63,0.09,26281.95,18640.6,7641.35,0.2907
SALE050032,CUST033,PRD007,4,3,2023-05,2023-05-01,1,16446.11,0.18,13485.81,11329.03,2156.78,0.1599
SALE050033,CUST004,PRD006,3,2,2023-05,2023-05-01,9,8965.91,0.07,75044.67,54917.59,20127.08,0.2682
SALE050034,CUST031,PRD002,1,2,2023-05,2023-05-01,10,14023.18,0.12,123403.98,95957.79,27446.19,0.2224
SALE050035,CUST026,PRD001,1,1,2023-05,2023-05-01,4,6865.29,0.04,26362.71,16714.02,9648.69,0.366
SALE050036,CUST007,PRD002,3,1,2023-05,2023-05-01,3,4073.15,0.06,11486.28,9054.7,2431.58,0.2117
SALE050037,CUST028,PRD006,4,1,2023-05,2023-05-01,5,21248.37,0.16,89243.15,63195.74,26047.41,0.2919
SALE050038,CUST060,PRD007,3,4,2023-05,2023-05-01,11,20245.18,0.09,202654.25,129029.15,73625.1,0.3633
SALE050039,CUST020,PRD002,3,3,2023-05,2023-05-01,1,1440.94,0.02,1412.12,1010.58,401.54,0.2844
SALE050040,CUST018,PRD002,1,1,2023-05,2023-05-01,1,18256.44,0.13,15883.1,12358.49,3524.61,0.2219
SALE060001,CUST047,PRD004,2,1,2023-06,2023-06-01,3,17080.52,0.17,42530.49,34633.8,7896.69,0.1857
SALE060002,CUST011,PRD003,3,1,2023-06,2023-06-01,2,2739.63,0.12,4821.75,4245.46,576.29,0.1195
SALE060003,CUST032,PRD004,3,4,2023-06,2023-06-01,9,18731.14,0.09,153408.04,113106.8,40301.24,0.2627
SALE060004,CUST015,PRD003,1,4,2023-06,2023-06-01,8,10130.24,0.15,68885.63,60041.85,8843.78,0.1284
SALE060005,CUST005,PRD006,3,3,2023-06,2023-06-01,9,17521.96,0.17,130889.04,122317.61,8571.43,0.0655
SALE060006,CUST058,PRD007,3,2,2023-06,2023-06-01,2,19031.21,0.01,37681.8,21006.15,16675.65,0.4425
SALE060007,CUST016,PRD005,3,1,2023-06,2023-06-01,11,17425.01,0.14,164840.59,146089.22,18751.37,0.1138
SALE060008,CUST014,PRD007,3,1,2023-06,2023-06-01,9,20331.71,0.15,155537.58,141921.06,13616.52,0.0875
SALE060009,CUST011,PRD008,3,2,2023-06,2023-06-01,9,5668.1,0.11,45401.48,32473.6,12927.88,0.2847
SALE060010,CUST034,PRD006,4,3,2023-06,2023-06-01,1,24062.61,0.06,22618.85,18284.15,4334.7,0.1916
SALE060011,CUST043,PRD005,3,1,2023-06,2023-06-01,3,19102.34,0.09,52149.39,39459.44,12689.95,0.2433
SALE060012,CUST037,PRD006,3,2,2023-06,2023-06-01,4,10179.25,0.15,34609.45,24853.9,9755.55,0.2819
SALE060013,CUST015,PRD007,1,3,2023-06,2023-06-01,4,23971.44,0.18,78626.32,61727.96,16898.36,0.2149
SALE060014,CUST015,PRD003,1,3,2023-06,2023-06-01,3,18032.33,0.15,45982.44,36120.57,9861.87,0.2145
SALE060015,CUST006,PRD001,2,2,2023-06,2023-06-01,1,7702.54,0.17,6393.11,5084.54,1308.57,0.2047
SALE060016,CUST023,PRD007,4,3,2023-06,2023-06-01,10,12390.67,0.03,120189.5,86298.18,33891.32,0.282
SALE060017,CUST016,PRD007,3,1,2023-06,2023-06-01,5,2583.4,0.07,12012.81,8053.2,3959.61,0.3296
SALE060018,CUST003,PRD004,3,1,2023-06,2023-06-01,11,3920.56,0.14,37088.5,24312.87,12775.63,0.3445
SALE060019,CUST040,PRD003,1,4,2023-06,2023-06-01,1,20317.63,0.01,20114.45,13505.44,6609.01,0.3286
SALE060020,CUST011,PRD007,3,4,2023-06,2023-06-01,8,19669.93,0.06,147917.87,99216.88,48700.99,0.3292
SALE060021,CUST056,PRD007,3,3,2023-06,2023-06-01,3,16195.42,0.09,44213.5,28939.18,15274.32,0.3455
SALE060022,CUST056,PRD002,3,2,2023-06,2023-06-01,9,9030.26,0.12,71519.66,62281.98,9237.68,0.1292
SALE060023,CUST004,PRD001,3,1,2023-06,2023-06-01,11,5473.26,0.14,51777.04,43731.6,8045.44,0.1554
SALE060024,CUST021,PRD005,2,4,2023-06,2023-06-01,4,24231.38,0.16,81417.44,72373.13,9044.31,0.1111
SALE060025,CUST005,PRD003,3,4,2023-06,2023-06-01,11,23718.56,0.02,255686.08,170413.47,85272.61,0.3335
SALE060026,CUST053,PRD001,4,4,2023-06,2023-06-01,2,24645.85,0.06,46334.2,29511.09,16823.11,0.3631
SALE060027,CUST018,PRD007,1,1,2023-06,2023-06-01,8,1753.1,0.08,12902.82,10145.82,2757.0,0.2137
SALE060028,CUST009,PRD006,3,3,2023-06,2023-06-01,6,22014.73,0.12,116237.77,81961.53,34276.24,0.2949
SALE060029,CUST010,PRD006,2,1,2023-06,2023-06-01,5,17142.32,0.08,78854.67,57868.11,20986.56,0.2661
SALE060030,CUST012,PRD008,1,1,2023-06,2023-06-01,10,23371.76,0.14,200997.14,161559.99,39437.15,0.1962
SALE060031,CUST032,PRD008,3,3,2023-06,2023-06-01,6,15649.9,0.07,87326.44,68051.84,19274.6,0.2207
SALE060032,CUST003,PRD005,3,3,2023-06,2023-06-01,8,11175.33,0.11,79568.35,52963.2,26605.15,0.3344
SALE060033,CUST054,PRD007,4,3,2023-06,2023-06-01,9,2577.8,0.11,20648.18,14108.69,6539.49,0.3167
SALE060034,CUST011,PRD001,3,4,2023-06,2023-06-01,11,8129.54,0.04,85847.94,68899.48,16948.46,0.1974
SALE060035,CUST053,PRD004,4,1,2023-06,2023-06-01,5,23128.57,0.09,105234.99,80080.37,25154.62,0.239
SALE060036,CUST011,PRD004,3,4,2023-06,2023-06-01,4,15567.38,0.17,51683.7,37980.37,13703.33,0.2651
SALE060037,CUST019,PRD001,1,1,2023-06,2023-06-01,3,22180.86,0.02,65211.73,51551.64,13660.09,0.2095
SALE060038,CUST010,PRD006,2,1,2023-06,2023-06-01,7,1998.09,0.05,13287.3,8238.33,5048.97,0.38
SALE060039,CUST017,PRD004,2,1,2023-06,2023-06-01,4,23536.8,0.07,87556.9,68583.38,18973.52,0.2167
SALE060040,CUST031,PRD005,1,4,2023-06,2023-06-01,9,22716.61,0.13,177871.06,137523.49,40347.57,0.2268
SALE070001,CUST055,PRD003,4,1,2023-07,2023-07-01,7,9637.53,0.01,66788.08,52219.39,14568.69,0.2181
SALE070002,CUST014,PRD002,3,4,2023-07,2023-07-01,3,21127.64,0.18,51973.99,37076.3,14897.69,0.2866
SALE070003,CUST037,PRD007,3,2,2023-07,2023-07-01,5,7341.59,0.02,35973.79,23065.82,12907.97,0.3588
SALE070004,CUST022,PRD002,4,1,2023-07,2023-07-01,3,6775.16,0.15,17276.66,15549.63,1727.03,0.1
SALE070005,CUST053,PRD006,4,1,2023-07,2023-07-01,2,24429.72,0.04,46905.06,31115.02,15790.04,0.3366
SALE070006,CUST009,PRD007,3,2,2023-07,2023-07-01,10,9809.59,0.01,97114.94,73870.22,23244.72,0.2394
SALE070007,CUST031,PRD004,1,2,2023-07,2023-07-01,6,2264.31,0.01,13450.0,7705.59,5744.41,0.4271
SALE070008,CUST037,PRD008,3,3,2023-07,2023-07-01,9,7880.36,0.05,67377.08,46545.28,20831.8,0.3092
SALE070009,CUST008,PRD003,3,2,2023-07,2023-07-01,1,1658.27,0.16,1392.95,1148.68,244.27,0.1754
SALE070010,CUST008,PRD002,3,2,2023-07,2023-07-01,3,9822.55,0.09,26815.56,18956.88,7858.68,0.2931
SALE070011,CUST022,PRD006,4,1,2023-07,2023-07-01,7,10592.87,0.18,60803.07,48867.51,11935.56,0.1963
SALE070012,CUST056,PRD006,3,4,2023-07,2023-07-01,8,4379.4,0.01,34684.85,21118.12,13566.73,0.3911
SALE070013,CUST011,PRD007,3,3,2023-07,2023-07-01,11,13316.38,0.03,142085.77,111556.93,30528.84,0.2149
SALE070014,CUST054,PRD004,4,1,2023-07,2023-07-01,1,24442.52,0.07,22731.54,13991.34,8740.2,0.3845
SALE070015,CUST008,PRD007,3,4,2023-07,2023-07-01,10,18578.08,0.04,178349.57,141408.44,36941.13,0.2071
SALE070016,CUST043,PRD002,3,4,2023-07,2023-07-01,8,19381.54,0.05,147299.7,114489.04,32810.66,0.2227
SALE070017,CUST030,PRD006,3,2,2023-07,2023-07-01,10,3958.26,0.03,38395.12,23663.25,14731.87,0.3837
SALE070018,CUST021,PRD004,2,4,2023-07,2023-07-01,8,24712.67,0.01,195724.35,110345.76,85378.59,0.4362
SALE070019,CUST045,PRD008,4,3,2023-07,2023-07-01,7,9873.39,0.08,63584.63,43122.74,20461.89,0.3218
SALE070020,CUST055,PRD003,4,1,2023-07,2023-07-01,10,5296.24,0.06,49784.66,37073.46,12711.2,0.2553
SALE070021,CUST053,PRD007,4,4,2023-07,2023-07-01,1,21800.11,0.02,21364.11,12571.56,8792.55,0.4116
SALE070022,CUST043,PRD005,3,4,2023-07,2023-07-01,11,15374.42,0.11,150515.57,115346.99,35168.58,0.2337
SALE070023,CUST030,PRD002,3,4,2023-07,2023-07-01,7,9293.24,0.16,54644.25,48393.76,6250.49,0.1144
SALE070024,CUST004,PRD005,3,3,2023-07,2023-07-01,8,10621.74,0.07,79025.75,48241.79,30783.96,0.3895
SALE070025,CUST014,PRD005,3,2,2023-07,2023-07-01,4,18677.28,0.04,71720.76,48253.54,23467.22,0.3272
SALE070026,CUST014,PRD007,3,2,2023-07,2023-07-01,10,8467.87,0.12,74517.26,55250.91,19266.35,0.2585
SALE070027,CUST037,PRD003,3,4,2023-07,2023-07-01,8,21139.78,0.17,140368.14,102871.89,37496.25,0.2671
SALE070028,CUST006,PRD008,2,4,2023-07,2023-07-01,3,9028.63,0.03,26273.31,18419.99,7853.32,0.2989
SALE070029,CUST020,PRD002,3,3,2023-07,2023-07-01,9,1616.68,0.14,12513.1,10734.22,1778.88,0.1422
SALE070030,CUST056,PRD006,3,1,2023-07,2023-07-01,3,22682.65,0.16,57160.28,41076.78,16083.5,0.2814
SALE070031,CUST014,PRD008,3,2,2023-07,2023-07-01,6,22875.63,0.05,130391.09,83987.33,46403.76,0.3559
SALE070032,CUST023,PRD002,4,4,2023-07,2023-07-01,11,20694.96,0.07,211709.44,172152.52,39556.92,0.1868
SALE070033,CUST043,PRD008,3,4,2023-07,2023-07-01,4,10640.25,0.17,35325.63,31244.87,4080.76,0.1155
SALE070034,CUST027,PRD007,4,3,2023-07,2023-07-01,4,15459.31,0.04,59363.75,39543.91,19819.84,0.3339
SALE070035,CUST042,PRD001,2,3,2023-07,2023-07-01,5,24492.24,0.12,107765.86,90066.05,17699.81,0.1642
SALE070036,CUST046,PRD007,4,4,2023-07,2023-07-01,7,22169.54,0.1,139668.1,96816.4,42851.7,0.3068
SALE070037,CUST043,PRD005,3,3,2023-07,2023-07-01,10,12556.83,0.04,120545.57,69181.24,51364.33,0.4261
SALE070038,CUST012,PRD003,1,1,2023-07,2023-07-01,8,10471.7,0.1,75396.24,55506.22,19890.02,0.2638
SALE070039,CUST029,PRD005,4,1,2023-07,2023-07-01,9,24215.18,0.1,196142.96,169976.78,26166.18,0.1334
SALE070040,CUST022,PRD008,4,2,2023-07,2023-07-01,4,22716.78,0.12,79963.07,51244.41,28718.66,0.3591
SALE080001,CUST024,PRD008,3,4,2023-08,2023-08-01,3,16957.29,0.16,42732.37,38066.25,4666.12,0.1092
SALE080002,CUST014,PRD004,3,1,2023-08,2023-08-01,2,15378.38,0.08,28296.22,22759.47,5536.75,0.1957
SALE080003,CUST043,PRD002,3,3,2023-08,2023-08-01,6,1697.54,0.1,9166.72,7408.36,1758.36,0.1918
SALE080004,CUST033,PRD004,4,2,2023-08,2023-08-01,2,19873.18,0.04,38156.51,30895.89,7260.62,0.1903
SALE080005,CUST050,PRD002,2,4,2023-08,2023-08-01,9,18343.1,0.09,150229.99,125942.56,24287.43,0.1617
SALE080006,CUST022,PRD006,4,1,2023-08,2023-08-01,5,23351.37,0.04,112086.58,86533.47,25553.11,0.228
SALE080007,CUST035,PRD007,2,1,2023-08,2023-08-01,2,6157.53,0.03,11945.61,7300.82,4644.79,0.3888
SALE080008,CUST024,PRD003,3,3,2023-08,2023-08-01,5,16692.51,0.11,74281.67,55559.34,18722.33,0.252
SALE080009,CUST052,PRD003,2,3,2023-08,2023-08-01,4,3334.73,0.09,12138.42,8535.76,3602.66,0.2968
SALE080010,CUST038,PRD006,2,1,2023-08,2023-08-01,4,14733.01,0.15,50092.23,34360.93,15731.3,0.314
SALE080011,CUST010,PRD002,2,3,2023-08,2023-08-01,3,3970.04,0.01,11791.02,8264.44,3526.58,0.2991
SALE080012,CUST013,PRD004,2,2,2023-08,2023-08-01,1,2067.77,0.14,1778.28,1310.45,467.83,0.2631
SALE080013,CUST060,PRD001,3,2,2023-08,2023-08-01,5,12041.35,0.11,53584.01,45688.24,7895.77,0.1474
SALE080014,CUST048,PRD006,3,2,2023-08,2023-08-01,2,14459.98,0.09,26317.16,21738.34,4578.82,0.174
SALE080015,CUST046,PRD006,4,2,2023-08,2023-08-01,8,6697.83,0.04,51439.33,39489.47,11949.86,0.2323
SALE080016,CUST035,PRD002,2,3,2023-08,2023-08-01,1,9230.53,0.02,9045.92,5112.1,3933.82,0.4349
SALE080017,CUST042,PRD006,2,1,2023-08,2023-08-01,5,23056.28,0.0,115281.4,78084.57,37196.83,0.3227
SALE080018,CUST049,PRD001,1,4,2023-08,2023-08-01,5,4422.39,0.03,21448.59,14859.08,6589.51,0.3072
SALE080019,CUST019,PRD003,1,2,2023-08,2023-08-01,4,24364.34,0.06,91609.92,73395.26,18214.66,0.1988
SALE080020,CUST010,PRD003,2,3,2023-08,2023-08-01,8,11517.71,0.07,85691.76,51526.48,34165.28,0.3987
SALE080021,CUST009,PRD003,3,2,2023-08,2023-08-01,7,21435.51,0.04,144046.63,83531.45,60515.18,0.4201
SALE080022,CUST009,PRD007,3,3,2023-08,2023-08-01,10,8579.12,0.13,74638.34,52821.51,21816.83,0.2923
SALE080023,CUST027,PRD005,4,4,2023-08,2023-08-01,10,5460.81,0.03,52969.86,37574.3,15395.56,0.2906
SALE080024,CUST034,PRD005,4,3,2023-08,2023-08-01,6,12525.48,0.08,69140.65,49769.44,19371.21,0.2802
SALE080025,CUST031,PRD002,1,2,2023-08,2023-08-01,5,23744.42,0.15,100913.78,81457.11,19456.67,0.1928
SALE080026,CUST052,PRD007,2,1,2023-08,2023-08-01,1,15391.92,0.04,14776.24,9779.13,4997.11,0.3382
SALE080027,CUST014,PRD008,3,1,2023-08,2023-08-01,7,1440.55,0.14,8672.11,6949.43,1722.68,0.1986
SALE080028,CUST056,PRD002,3,3,2023-08,2023-08-01,5,14343.8,0.09,65264.29,47679.85,17584.44,0.2694
SALE080029,CUST043,PRD006,3,4,2023-08,2023-08-01,1,22016.91,0.09,20035.39,13914.69,6120.7,0.3055
SALE080030,CUST008,PRD005,3,3,2023-08,2023-08-01,9,19615.11,0.07,164178.47,98998.62,65179.85,0.397
SALE080031,CUST028,PRD007,4,1,2023-08,2023-08-01,11,17540.41,0.07,179438.39,144431.22,35007.17,0.1951
SALE080032,CUST030,PRD008,3,4,2023-08,2023-08-01,9,17121.06,0.11,137139.69,96483.09,40656.6,0.2965
SALE080033,CUST058,PRD006,3,4,2023-08,2023-08-01,7,20357.96,0.15,121129.86,80948.17,40181.69,0.3317
SALE080034,CUST041,PRD007,3,4,2023-08,2023-08-01,10,8729.09,0.16,73324.36,49345.8,23978.56,0.327
SALE080035,CUST022,PRD007,4,2,2023-08,2023-08-01,2,9913.43,0.09,18042.44,11521.41,6521.03,0.3614
SALE080036,CUST049,PRD002,1,2,2023-08,2023-08-01,9,17093.57,0.17,127688.97,113781.81,13907.16,0.1089
SALE080037,CUST044,PRD006,3,2,2023-08,2023-08-01,4,17135.38,0.06,64429.03,53204.26,11224.77,0.1742
SALE080038,CUST032,PRD004,3,2,2023-08,2023-08-01,10,24759.15,0.06,232736.01,164100.93,68635.08,0.2949
SALE080039,CUST019,PRD003,1,4,2023-08,2023-08-01,9,10809.97,0.04,93398.14,74373.75,19024.39,0.2037
SALE080040,CUST046,PRD002,4,1,2023-08,2023-08-01,11,10995.89,0.08,111278.41,91310.27,19968.14,0.1794
SALE090001,CUST029,PRD002,4,4,2023-09,2023-09-01,11,7900.03,0.1,78210.3,67238.93,10971.37,0.1403
SALE090002,CUST060,PRD002,3,1,2023-09,2023-09-01,4,10492.51,0.02,41130.64,32042.99,9087.65,0.2209
SALE090003,CUST028,PRD008,4,4,2023-09,2023-09-01,6,13482.8,0.1,72807.12,61772.34,11034.78,0.1516
SALE090004,CUST049,PRD002,1,2,2023-09,2023-09-01,11,6939.64,0.15,64885.63,57983.01,6902.62,0.1064
SALE090005,CUST016,PRD002,3,4,2023-09,2023-09-01,10,4259.86,0.08,39190.71,29723.93,9466.78,0.2416
SALE090006,CUST012,PRD001,1,1,2023-09,2023-09-01,2,8185.75,0.16,13752.06,9825.64,3926.42,0.2855
SALE090007,CUST018,PRD006,1,1,2023-09,2023-09-01,8,15779.19,0.11,112347.83,89595.27,22752.56,0.2025
SALE090008,CUST001,PRD003,3,1,2023-09,2023-09-01,6,16269.95,0.15,82976.75,67200.54,15776.21,0.1901
SALE090009,CUST037,PRD002,3,2,2023-09,2023-09-01,9,22187.78,0.1,179721.02,122085.92,57635.1,0.3207
SALE090010,CUST052,PRD007,2,4,2023-09,2023-09-01,6,13932.41,0.17,69383.4,46331.65,23051.75,0.3322
SALE090011,CUST007,PRD002,3,2,2023-09,2023-09-01,10,22016.98,0.11,195951.12,161713.4,34237.72,0.1747
SALE090012,CUST055,PRD005,4,4,2023-09,2023-09-01,11,1656.55,0.01,18039.83,14131.99,3907.84,0.2166
SALE090013,CUST031,PRD003,1,1,2023-09,2023-09-01,10,23114.17,0.16,194159.03,130598.88,63560.15,0.3274
SALE090014,CUST007,PRD001,3,1,2023-09,2023-09-01,8,1424.31,0.03,11052.65,7208.29,3844.36,0.3478
SALE090015,CUST004,PRD006,3,4,2023-09,2023-09-01,4,3314.16,0.12,11665.84,7312.82,4353.02,0.3731
SALE090016,CUST054,PRD005,4,4,2023-09,2023-09-01,10,7242.06,0.15,61557.51,55024.25,6533.26,0.1061
SALE090017,CUST011,PRD007,3,3,2023-09,2023-09-01,6,24216.33,0.13,126409.24,106244.84,20164.4,0.1595
SALE090018,CUST053,PRD001,4,4,2023-09,2023-09-01,3,23086.72,0.04,66489.75,45830.15,20659.6,0.3107
SALE090019,CUST022,PRD002,4,1,2023-09,2023-09-01,1,6976.47,0.02,6836.94,4744.41,2092.53,0.3061
SALE090020,CUST046,PRD005,4,1,2023-09,2023-09-01,1,7548.31,0.15,6416.06,5714.26,701.8,0.1094
SALE090021,CUST032,PRD001,3,2,2023-09,2023-09-01,3,14573.44,0.18,35850.66,25861.51,9989.15,0.2786
SALE090022,CUST043,PRD002,3,3,2023-09,2023-09-01,11,4578.01,0.01,49854.53,36607.1,13247.43,0.2657
SALE090023,CUST049,PRD001,1,1,2023-09,2023-09-01,8,12159.22,0.11,86573.65,56216.52,30357.13,0.3507
SALE090024,CUST046,PRD007,4,3,2023-09,2023-09-01,5,8136.62,0.02,39869.44,26146.47,13722.97,0.3442
SALE090025,CUST025,PRD001,3,2,2023-09,2023-09-01,4,9933.88,0.04,38146.1,28657.59,9488.51,0.2487
SALE090026,CUST030,PRD005,3,1,2023-09,2023-09-01,1,3883.63,0.07,3611.78,2493.99,1117.79,0.3095
SALE090027,CUST052,PRD005,2,1,2023-09,2023-09-01,8,13644.01,0.18,89504.71,74842.56,14662.15,0.1638
SALE090028,CUST012,PRD008,1,4,2023-09,2023-09-01,1,19852.07,0.07,18462.43,11982.8,6479.63,0.351
SALE090029,CUST011,PRD004,3,3,2023-09,2023-09-01,1,4429.24,0.03,4296.36,2587.28,1709.08,0.3978
SALE090030,CUST010,PRD008,2,4,2023-09,2023-09-01,1,7317.88,0.03,7098.34,5234.59,1863.75,0.2626
SALE090031,CUST030,PRD004,3,3,2023-09,2023-09-01,7,12405.61,0.17,72076.59,61300.89,10775.7,0.1495
SALE090032,CUST038,PRD002,2,4,2023-09,2023-09-01,6,24403.55,0.16,122993.89,103363.37,19630.52,0.1596
SALE090033,CUST048,PRD003,3,3,2023-09,2023-09-01,4,24715.44,0.11,87986.97,71275.79,16711.18,0.1899
SALE090034,CUST010,PRD006,2,3,2023-09,2023-09-01,6,13935.83,0.01,82778.83,57197.24,25581.59,0.309
SALE090035,CUST027,PRD001,4,1,2023-09,2023-09-01,11,21939.97,0.09,219619.1,158245.45,61373.65,0.2795
SALE090036,CUST049,PRD007,1,4,2023-09,2023-09-01,3,18797.31,0.1,50752.74,33241.21,17511.53,0.345
SALE090037,CUST014,PRD002,3,1,2023-09,2023-09-01,5,7076.05,0.18,29011.81,19674.32,9337.49,0.3219
SALE090038,CUST004,PRD004,3,4,2023-09,2023-09-01,11,11092.38,0.02,119575.86,94013.97,25561.89,0.2138
SALE090039,CUST040,PRD002,1,4,2023-09,2023-09-01,10,18279.8,0.0,182798.0,136357.91,46440.09,0.2541
SALE090040,CUST040,PRD007,1,3,2023-09,2023-09-01,7,14558.06,0.08,93753.91,70770.93,22982.98,0.2451
SALE100001,CUST008,PRD007,3,3,2023-10,2023-10-01,4,3628.27,0.04,13932.56,9860.23,4072.33,0.2923
SALE100002,CUST018,PRD001,1,4,2023-10,2023-10-01,9,13930.38,0.01,124119.69,93928.66,30191.03,0.2432
SALE100003,CUST052,PRD003,2,3,2023-10,2023-10-01,2,7209.24,0.13,12544.08,11159.76,1384.32,0.1104
SALE100004,CUST005,PRD001,3,3,2023-10,2023-10-01,9,3264.24,0.04,28203.03,19765.14,8437.89,0.2992
SALE100005,CUST055,PRD008,4,2,2023-10,2023-10-01,10,7548.26,0.11,67179.51,42017.61,25161.9,0.3745
SALE100006,CUST039,PRD004,4,3,2023-10,2023-10-01,5,2505.59,0.14,10774.04,7268.47,3505.57,0.3254
SALE100007,CUST032,PRD005,3,1,2023-10,2023-10-01,3,16290.92,0.06,45940.39,34956.91,10983.48,0.2391
SALE100008,CUST035,PRD003,2,1,2023-10,2023-10-01,7,10732.07,0.02,73622.0,47548.98,26073.02,0.3541
SALE100009,CUST058,PRD002,3,4,2023-10,2023-10-01,10,9873.71,0.1,88863.39,70972.76,17890.63,0.2013
SALE100010,CUST002,PRD003,3,4,2023-10,2023-10-01,4,12491.55,0.01,49466.54,35723.71,13742.83,0.2778
SALE100011,CUST050,PRD001,2,4,2023-10,2023-10-01,3,23548.1,0.04,67818.53,54130.77,13687.76,0.2018
SALE100012,CUST040,PRD007,1,4,2023-10,2023-10-01,9,3746.68,0.17,27987.7,24710.02,3277.68,0.1171
SALE100013,CUST057,PRD004,4,1,2023-10,2023-10-01,4,1807.54,0.05,6868.65,4256.29,2612.36,0.3803
SALE100014,CUST039,PRD003,4,1,2023-10,2023-10-01,10,9212.55,0.07,85676.71,64111.15,21565.56,0.2517
SALE100015,CUST019,PRD002,1,2,2023-10,2023-10-01,5,3280.02,0.11,14596.09,12744.07,1852.02,0.1269
SALE100016,CUST009,PRD004,3,1,2023-10,2023-10-01,3,9360.24,0.12,24711.03,15659.87,9051.16,0.3663
SALE100017,CUST035,PRD006,2,2,2023-10,2023-10-01,11,8908.72,0.1,88196.33,59274.15,28922.18,0.3279
SALE100018,CUST056,PRD002,3,4,2023-10,2023-10-01,1,8475.31,0.06,7966.79,5363.23,2603.56,0.3268
SALE100019,CUST039,PRD004,4,1,2023-10,2023-10-01,3,16933.66,0.02,49784.96,34007.67,15777.29,0.3169
SALE100020,CUST054,PRD004,4,3,2023-10,2023-10-01,10,19978.0,0.13,173808.6,136314.93,37493.67,0.2157
SALE100021,CUST008,PRD004,3,3,2023-10,2023-10-01,11,5324.41,0.11,52125.97,38687.03,13438.94,0.2578
SALE100022,CUST005,PRD004,3,2,2023-10,2023-10-01,8,20381.0,0.16,136960.32,94870.87,42089.45,0.3073
SALE100023,CUST021,PRD003,2,4,2023-10,2023-10-01,7,17652.1,0.09,112443.88,88408.58,24035.3,0.2138
SALE100024,CUST019,PRD001,1,4,2023-10,2023-10-01,1,9677.17,0.16,8128.82,6036.24,2092.58,0.2574
SALE100025,CUST008,PRD001,3,3,2023-10,2023-10-01,9,23713.63,0.15,181409.27,148102.22,33307.05,0.1836
SALE100026,CUST011,PRD008,3,2,2023-10,2023-10-01,1,9523.87,0.18,7809.57,6486.42,1323.15,0.1694
SALE100027,CUST055,PRD005,4,2,2023-10,2023-10-01,9,7831.62,0.01,69779.73,43368.88,26410.85,0.3785
SALE100028,CUST047,PRD002,2,1,2023-10,2023-10-01,7,18572.86,0.01,128709.92,84748.5,43961.42,0.3416
SALE100029,CUST004,PRD003,3,2,2023-10,2023-10-01,2,10235.69,0.02,20061.95,14076.04,5985.91,0.2984
SALE100030,CUST054,PRD007,4,1,2023-10,2023-10-01,1,11866.44,0.03,11510.45,7753.06,3757.39,0.3264
SALE100031,CUST014,PRD004,3,3,2023-10,2023-10-01,6,3367.52,0.12,17780.51,13400.26,4380.25,0.2464
SALE100032,CUST027,PRD004,4,3,2023-10,2023-10-01,1,20920.52,0.01,20711.31,14863.23,5848.08,0.2824
SALE100033,CUST051,PRD005,3,2,2023-10,2023-10-01,9,9078.3,0.01,80887.65,47896.57,32991.08,0.4079
SALE100034,CUST033,PRD007,4,2,2023-10,2023-10-01,10,3668.69,0.13,31917.6,21132.48,10785.12,0.3379
SALE100035,CUST037,PRD001,3,4,2023-10,2023-10-01,9,17716.93,0.17,132345.47,114525.1,17820.37,0.1347
SALE100036,CUST001,PRD002,3,3,2023-10,2023-10-01,4,16640.28,0.14,57242.56,44273.17,12969.39,0.2266
SALE100037,CUST020,PRD006,3,3,2023-10,2023-10-01,9,5470.23,0.07,45785.83,32948.68,12837.15,0.2804
SALE100038,CUST033,PRD005,4,2,2023-10,2023-10-01,3,15785.34,0.16,39779.06,29659.18,10119.88,0.2544
SALE100039,CUST002,PRD005,3,4,2023-10,2023-10-01,8,20599.42,0.14,141724.01,99297.94,42426.07,0.2994
SALE100040,CUST058,PRD003,3,2,2023-10,2023-10-01,9,5847.83,0.02,51577.86,33600.82,17977.04,0.3485
SALE110001,CUST009,PRD007,3,3,2023-11,2023-11-01,11,23984.83,0.14,226896.49,178137.82,48758.67,0.2149
SALE110002,CUST002,PRD005,3,2,2023-11,2023-11-01,2,7133.28,0.01,14123.89,8597.29,5526.6,0.3913
SALE110003,CUST021,PRD005,2,1,2023-11,2023-11-01,11,20193.3,0.12,195471.14,157667.37,37803.77,0.1934
SALE110004,CUST015,PRD003,1,2,2023-11,2023-11-01,4,19575.38,0.07,72820.41,56560.49,16259.92,0.2233
SALE110005,CUST033,PRD008,4,2,2023-11,2023-11-01,9,9658.93,0.07,80845.24,58442.79,22402.45,0.2771
SALE110006,CUST050,PRD006,2,3,2023-11,2023-11-01,9,7496.62,0.09,61397.32,44730.25,16667.07,0.2715
SALE110007,CUST021,PRD008,2,1,2023-11,2023-11-01,1,9413.55,0.17,7813.25,7299.96,513.29,0.0657
SALE110008,CUST033,PRD002,4,2,2023-11,2023-11-01,3,8019.6,0.14,20690.57,14351.93,6338.64,0.3064
SALE110009,CUST002,PRD007,3,3,2023-11,2023-11-01,3,13072.34,0.03,38040.51,21929.97,16110.54,0.4235
SALE110010,CUST016,PRD005,3,1,2023-11,2023-11-01,2,19524.74,0.16,32801.56,28958.29,3843.27,0.1172
SALE110011,CUST048,PRD005,3,2,2023-11,2023-11-01,8,10093.61,0.11,71866.5,48661.76,23204.74,0.3229
SALE110012,CUST004,PRD005,3,3,2023-11,2023-11-01,11,24119.53,0.01,262661.68,150711.18,111950.5,0.4262
SALE110013,CUST016,PRD007,3,1,2023-11,2023-11-01,6,19568.34,0.03,113887.74,77786.64,36101.1,0.317
SALE110014,CUST003,PRD006,3,1,2023-11,2023-11-01,5,9949.96,0.0,49749.8,36552.71,13197.09,0.2653
SALE110015,CUST044,PRD004,3,4,2023-11,2023-11-01,2,18032.97,0.1,32459.35,22097.29,10362.06,0.3192
SALE110016,CUST048,PRD008,3,2,2023-11,2023-11-01,3,18119.34,0.07,50552.96,36134.73,14418.23,0.2852
SALE110017,CUST037,PRD004,3,2,2023-11,2023-11-01,4,7973.82,0.03,30938.42,20134.1,10804.32,0.3492
SALE110018,CUST015,PRD008,1,1,2023-11,2023-11-01,5,12067.96,0.17,50082.03,45335.3,4746.73,0.0948
SALE110019,CUST042,PRD008,2,3,2023-11,2023-11-01,10,2749.46,0.12,24195.25,18477.47,5717.78,0.2363
SALE110020,CUST032,PRD003,3,2,2023-11,2023-11-01,7,6736.16,0.17,39137.09,26226.94,12910.15,0.3299
SALE110021,CUST006,PRD001,2,4,2023-11,2023-11-01,7,19680.62,0.12,121232.62,89657.1,31575.52,0.2605
SALE110022,CUST004,PRD008,3,4,2023-11,2023-11-01,6,15179.86,0.05,86525.2,60163.47,26361.73,0.3047
SALE110023,CUST039,PRD001,4,4,2023-11,2023-11-01,4,18586.66,0.01,73603.17,57009.47,16593.7,0.2254
SALE110024,CUST023,PRD004,4,3,2023-11,2023-11-01,11,4382.24,0.14,41455.99,36539.26,4916.73,0.1186
SALE110025,CUST006,PRD005,2,1,2023-11,2023-11-01,1,5677.85,0.08,5223.62,3589.25,1634.37,0.3129
SALE110026,CUST053,PRD008,4,3,2023-11,2023-11-01,3,9307.1,0.14,24012.32,19346.9,4665.42,0.1943
SALE110027,CUST023,PRD003,4,1,2023-11,2023-11-01,7,1715.29,0.02,11766.89,9067.17,2699.72,0.2294
SALE110028,CUST004,PRD005,3,4,2023-11,2023-11-01,11,12403.13,0.15,115969.27,106384.15,9585.12,0.0827
SALE110029,CUST054,PRD004,4,2,2023-11,2023-11-01,7,22478.27,0.18,129025.27,104630.78,24394.49,0.1891
SALE110030,CUST032,PRD006,3,2,2023-11,2023-11-01,1,21718.28,0.01,21501.1,16497.15,5003.95,0.2327
SALE110031,CUST047,PRD001,2,3,2023-11,2023-11-01,10,14951.76,0.04,143536.9,90565.39,52971.51,0.369
SALE110032,CUST002,PRD004,3,2,2023-11,2023-11-01,3,5415.38,0.09,14783.99,11228.47,3555.52,0.2405
SALE110033,CUST009,PRD006,3,4,2023-11,2023-11-01,3,3650.37,0.09,9965.51,7627.03,2338.48,0.2347
SALE110034,CUST016,PRD008,3,4,2023-11,2023-11-01,7,4230.29,0.16,24874.11,19640.86,5233.25,0.2104
SALE110035,CUST058,PRD006,3,3,2023-11,2023-11-01,7,9946.14,0.15,59179.53,54143.22,5036.31,0.0851
SALE110036,CUST009,PRD001,3,2,2023-11,2023-11-01,11,17460.55,0.07,178621.43,138180.45,40440.98,0.2264
SALE110037,CUST038,PRD007,2,3,2023-11,2023-11-01,8,3971.22,0.05,30181.27,19168.88,11012.39,0.3649
SALE110038,CUST055,PRD003,4,2,2023-11,2023-11-01,7,21596.98,0.13,131525.61,87122.39,44403.22,0.3376
SALE110039,CUST017,PRD002,2,4,2023-11,2023-11-01,9,12198.69,0.1,98809.39,78136.75,20672.64,0.2092
SALE110040,CUST044,PRD002,3,3,2023-11,2023-11-01,3,4760.43,0.09,12995.97,8894.5,4101.47,0.3156
SALE120001,CUST004,PRD002,3,1,2023-12,2023-12-01,9,21003.86,0.07,175802.31,126772.71,49029.6,0.2789
SALE120002,CUST043,PRD002,3,2,2023-12,2023-12-01,8,13268.73,0.04,101903.85,69756.57,32147.28,0.3155
SALE120003,CUST029,PRD005,4,4,2023-12,2023-12-01,4,9138.44,0.04,35091.61,23891.26,11200.35,0.3192
SALE120004,CUST045,PRD007,4,2,2023-12,2023-12-01,2,1494.57,0.11,2660.33,2086.9,573.43,0.2155
SALE120005,CUST020,PRD008,3,2,2023-12,2023-12-01,11,3424.33,0.05,35784.25,24205.22,11579.03,0.3236
SALE120006,CUST057,PRD001,4,4,2023-12,2023-12-01,5,6631.62,0.01,32826.52,20664.05,12162.47,0.3705
SALE120007,CUST026,PRD004,1,1,2023-12,2023-12-01,9,6123.12,0.06,51801.6,33952.21,17849.39,0.3446
SALE120008,CUST060,PRD001,3,1,2023-12,2023-12-01,1,5040.5,0.15,4284.43,3458.28,826.15,0.1928
SALE120009,CUST027,PRD008,4,1,2023-12,2023-12-01,10,1347.95,0.09,12266.35,7469.14,4797.21,0.3911
SALE120010,CUST028,PRD007,4,3,2023-12,2023-12-01,1,8636.21,0.06,8118.04,5289.06,2828.98,0.3485
SALE120011,CUST006,PRD005,2,4,2023-12,2023-12-01,8,2888.24,0.16,19408.97,17020.69,2388.28,0.1231
SALE120012,CUST058,PRD001,3,1,2023-12,2023-12-01,1,15866.67,0.16,13328.0,9426.84,3901.16,0.2927
SALE120013,CUST039,PRD007,4,2,2023-12,2023-12-01,1,10784.84,0.08,9922.05,7476.42,2445.63,0.2465
SALE120014,CUST049,PRD006,1,3,2023-12,2023-12-01,2,16764.8,0.17,27829.57,18881.67,8947.9,0.3215
SALE120015,CUST020,PRD001,3,4,2023-12,2023-12-01,3,2962.25,0.07,8264.68,5606.89,2657.79,0.3216
SALE120016,CUST022,PRD004,4,2,2023-12,2023-12-01,1,16464.2,0.1,14817.78,11528.77,3289.01,0.222
SALE120017,CUST007,PRD004,3,4,2023-12,2023-12-01,5,16520.08,0.18,67732.33,55412.53,12319.8,0.1819
SALE120018,CUST008,PRD002,3,4,2023-12,2023-12-01,6,3060.14,0.12,16157.54,11054.84,5102.7,0.3158
SALE120019,CUST021,PRD008,2,4,2023-12,2023-12-01,8,22819.72,0.13,158825.25,126102.56,32722.69,0.206
SALE120020,CUST040,PRD002,1,3,2023-12,2023-12-01,6,21168.99,0.15,107961.85,72782.14,35179.71,0.3259
SALE120021,CUST011,PRD003,3,1,2023-12,2023-12-01,9,14910.12,0.0,134191.08,99333.45,34857.63,0.2598
SALE120022,CUST009,PRD004,3,4,2023-12,2023-12-01,8,13831.25,0.03,107330.5,63413.32,43917.18,0.4092
SALE120023,CUST039,PRD006,4,3,2023-12,2023-12-01,3,13792.39,0.18,33929.28,24555.33,9373.95,0.2763
SALE120024,CUST008,PRD003,3,2,2023-12,2023-12-01,10,12060.88,0.06,113372.27,67506.8,45865.47,0.4046
SALE120025,CUST046,PRD006,4,2,2023-12,2023-12-01,8,8856.88,0.13,61643.88,52440.44,9203.44,0.1493
SALE120026,CUST008,PRD002,3,3,2023-12,2023-12-01,9,16010.9,0.15,122483.38,88202.4,34280.98,0.2799
SALE120027,CUST047,PRD007,2,3,2023-12,2023-12-01,7,4027.6,0.17,23400.36,16636.18,6764.18,0.2891
SALE120028,CUST002,PRD007,3,4,2023-12,2023-12-01,4,6380.39,0.02,25011.13,18318.99,6692.14,0.2676
SALE120029,CUST024,PRD004,3,2,2023-12,2023-12-01,4,17726.53,0.02,69488.0,48414.53,21073.47,0.3033
SALE120030,CUST041,PRD007,3,2,2023-12,2023-12-01,5,1239.3,0.01,6134.53,3756.02,2378.51,0.3877
SALE120031,CUST002,PRD004,3,2,2023-12,2023-12-01,1,8225.19,0.14,7073.66,5785.73,1287.93,0.1821
SALE120032,CUST054,PRD004,4,4,2023-12,2023-12-01,4,1426.83,0.12,5022.44,3343.04,1679.4,0.3344
SALE120033,CUST034,PRD005,4,4,2023-12,2023-12-01,11,9879.19,0.05,103237.54,63606.84,39630.7,0.3839
SALE120034,CUST028,PRD008,4,1,2023-12,2023-12-01,6,11084.63,0.11,59191.92,51526.05,7665.87,0.1295
SALE120035,CUST059,PRD004,4,1,2023-12,2023-12-01,8,7631.94,0.1,54949.97,43856.1,11093.87,0.2019
SALE120036,CUST054,PRD004,4,4,2023-12,2023-12-01,2,8454.75,0.16,14203.98,12860.17,1343.81,0.0946
SALE120037,CUST018,PRD006,1,4,2023-12,2023-12-01,8,13180.45,0.18,86463.75,78722.25,7741.5,0.0895
SALE120038,CUST028,PRD005,4,1,2023-12,2023-12-01,2,6072.52,0.04,11659.24,9227.75,2431.49,0.2085
SALE120039,CUST016,PRD001,3,2,2023-12,2023-12-01,11,9534.52,0.11,93342.95,59021.14,34321.81,0.3677
SALE120040,CUST035,PRD007,2,2,2023-12,2023-12-01,2,18010.38,0.12,31698.27,27262.14,4436.13,0.1399
SALE130001,CUST054,PRD001,4,3,2024-01,2024-01-01,5,19473.0,0.02,95417.7,59965.18,35452.52,0.3716
SALE130002,CUST034,PRD006,4,4,2024-01,2024-01-01,7,21980.14,0.05,146167.93,98726.36,47441.57,0.3246
SALE130003,CUST033,PRD002,4,3,2024-01,2024-01-01,5,17892.94,0.06,84096.82,50025.94,34070.88,0.4051
SALE130004,CUST058,PRD001,3,3,2024-01,2024-01-01,5,6481.52,0.09,29490.92,20706.21,8784.71,0.2979
SALE130005,CUST051,PRD008,3,3,2024-01,2024-01-01,10,22481.24,0.14,193338.66,129748.57,63590.09,0.3289
SALE130006,CUST053,PRD008,4,2,2024-01,2024-01-01,9,2808.41,0.09,23000.88,13941.58,9059.3,0.3939
SALE130007,CUST029,PRD001,4,1,2024-01,2024-01-01,1,17280.62,0.15,14688.53,11253.2,3435.33,0.2339
SALE130008,CUST049,PRD005,1,3,2024-01,2024-01-01,1,14308.6,0.03,13879.34,10357.7,3521.64,0.2537
SALE130009,CUST007,PRD004,3,2,2024-01,2024-01-01,6,11035.52,0.18,54294.76,50973.35,3321.41,0.0612
SALE130010,CUST005,PRD001,3,3,2024-01,2024-01-01,10,8642.77,0.04,82970.59,55836.82,27133.77,0.327
SALE130011,CUST052,PRD006,2,3,2024-01,2024-01-01,3,4594.32,0.16,11577.69,9990.63,1587.06,0.1371
SALE130012,CUST048,PRD008,3,2,2024-01,2024-01-01,3,13361.73,0.15,34072.41,29682.11,4390.3,0.1289
SALE130013,CUST039,PRD006,4,1,2024-01,2024-01-01,10,4131.19,0.01,40898.78,29785.3,11113.48,0.2717
SALE130014,CUST037,PRD002,3,2,2024-01,2024-01-01,6,12737.54,0.05,72603.98,58458.35,14145.63,0.1948
SALE130015,CUST008,PRD008,3,2,2024-01,2024-01-01,8,9748.41,0.06,73308.04,49405.25,23902.79,0.3261
SALE130016,CUST048,PRD008,3,4,2024-01,2024-01-01,4,20365.46,0.14,70057.18,45689.7,24367.48,0.3478
SALE130017,CUST044,PRD002,3,2,2024-01,2024-01-01,8,19766.04,0.14,135990.36,92735.75,43254.61,0.3181
SALE130018,CUST020,PRD002,3,4,2024-01,2024-01-01,6,24671.49,0.01,146548.65,95346.05,51202.6,0.3494
SALE130019,CUST042,PRD003,2,4,2024-01,2024-01-01,8,7762.07,0.15,52782.08,34748.36,18033.72,0.3417
SALE130020,CUST035,PRD007,2,3,2024-01,2024-01-01,9,14644.48,0.04,126528.31,95629.81,30898.5,0.2442
SALE130021,CUST018,PRD003,1,2,2024-01,2024-01-01,10,17635.93,0.12,155196.18,133856.47,21339.71,0.1375
SALE130022,CUST002,PRD003,3,3,2024-01,2024-01-01,11,6806.58,0.13,65138.97,53587.69,11551.28,0.1773
SALE130023,CUST044,PRD005,3,4,2024-01,2024-01-01,6,6266.22,0.12,33085.64,26804.68,6280.96,0.1898
SALE130024,CUST018,PRD004,1,2,2024-01,2024-01-01,9,16819.41,0.17,125640.99,110336.86,15304.13,0.1218
SALE130025,CUST035,PRD006,2,1,2024-01,2024-01-01,1,4654.48,0.14,4002.85,3240.32,762.53,0.1905
SALE130026,CUST031,PRD002,1,3,2024-01,2024-01-01,11,13057.33,0.1,129267.57,108504.35,20763.22,0.1606
SALE130027,CUST039,PRD006,4,4,2024-01,2024-01-01,10,4504.47,0.0,45044.7,27260.65,17784.05,0.3948
SALE130028,CUST060,PRD002,3,1,2024-01,2024-01-01,10,6014.98,0.14,51728.83,39212.63,12516.2,0.242
SALE130029,CUST052,PRD007,2,3,2024-01,2024-01-01,3,15866.82,0.16,39984.39,34149.25,5835.14,0.1459
SALE130030,CUST018,PRD006,1,2,2024-01,2024-01-01,2,24564.29,0.13,42741.86,37237.33,5504.53,0.1288
SALE130031,CUST011,PRD003,3,3,2024-01,2024-01-01,3,7424.78,0.09,20269.65,16392.0,3877.65,0.1913
SALE130032,CUST053,PRD003,4,3,2024-01,2024-01-01,5,6177.45,0.12,27180.78,22320.97,4859.81,0.1788
SALE130033,CUST032,PRD005,3,3,2024-01,2024-01-01,11,21757.87,0.18,196255.99,171112.43,25143.56,0.1281
SALE130034,CUST034,PRD003,4,3,2024-01,2024-01-01,5,16221.49,0.16,68130.26,62076.39,6053.87,0.0889
SALE130035,CUST051,PRD002,3,1,2024-01,2024-01-01,11,19859.02,0.11,194419.81,151987.14,42432.67,0.2183
SALE130036,CUST046,PRD002,4,3,2024-01,2024-01-01,8,20029.85,0.01,158636.41,93020.27,65616.14,0.4136
SALE130037,CUST004,PRD003,3,4,2024-01,2024-01-01,7,14436.1,0.11,89936.9,60323.77,29613.13,0.3293
SALE130038,CUST044,PRD001,3,4,2024-01,2024-01-01,4,18738.56,0.13,65210.19,45791.98,19418.21,0.2978
SALE130039,CUST045,PRD001,4,3,2024-01,2024-01-01,2,9413.95,0.16,15815.44,12312.16,3503.28,0.2215
SALE130040,CUST052,PRD002,2,3,2024-01,2024-01-01,5,23886.81,0.04,114656.69,85556.05,29100.64,0.2538
SALE140001,CUST054,PRD006,4,1,2024-02,2024-02-01,1,11201.34,0.12,9857.18,7181.86,2675.32,0.2714
SALE140002,CUST018,PRD001,1,3,2024-02,2024-02-01,11,22928.07,0.1,226987.89,159511.19,67476.7,0.2973
SALE140003,CUST016,PRD007,3,3,2024-02,2024-02-01,4,9875.67,0.03,38317.6,23594.72,14722.88,0.3842
SALE140004,CUST033,PRD001,4,1,2024-02,2024-02-01,6,21549.61,0.0,129297.66,73884.36,55413.3,0.4286
SALE140005,CUST058,PRD001,3,3,2024-02,2024-02-01,9,5536.03,0.01,49326.03,29700.4,19625.63,0.3979
SALE140006,CUST023,PRD006,4,1,2024-02,2024-02-01,6,3186.22,0.1,17205.59,14344.05,2861.54,0.1663
SALE140007,CUST043,PRD003,3,2,2024-02,2024-02-01,11,2679.98,0.11,26237.0,22570.47,3666.53,0.1397
SALE140008,CUST058,PRD006,3,3,2024-02,2024-02-01,6,5917.34,0.13,30888.51,26444.47,4444.04,0.1439
SALE140009,CUST027,PRD003,4,3,2024-02,2024-02-01,3,11117.91,0.16,28017.13,21775.34,6241.79,0.2228
SALE140010,CUST031,PRD004,1,1,2024-02,2024-02-01,7,24347.93,0.0,170435.51,117341.28,53094.23,0.3115
SALE140011,CUST039,PRD007,4,4,2024-02,2024-02-01,7,9356.51,0.1,58946.01,47896.72,11049.29,0.1874
SALE140012,CUST034,PRD001,4,1,2024-02,2024-02-01,9,6668.12,0.12,52811.51,40868.11,11943.4,0.2262
SALE140013,CUST044,PRD006,3,4,2024-02,2024-02-01,1,9546.35,0.07,8878.11,5574.36,3303.75,0.3721
SALE140014,CUST011,PRD008,3,2,2024-02,2024-02-01,8,10604.71,0.03,82292.55,53256.4,29036.15,0.3528
SALE140015,CUST005,PRD002,3,3,2024-02,2024-02-01,6,15335.83,0.13,80053.03,68865.58,11187.45,0.1398
SALE140016,CUST057,PRD003,4,3,2024-02,2024-02-01,6,20334.98,0.07,113469.19,82254.84,31214.35,0.2751
SALE140017,CUST021,PRD005,2,3,2024-02,2024-02-01,9,23642.12,0.12,187245.59,125190.15,62055.44,0.3314
SALE140018,CUST043,PRD001,3,3,2024-02,2024-02-01,8,20266.35,0.16,136189.87,125200.33,10989.54,0.0807
SALE140019,CUST022,PRD008,4,3,2024-02,2024-02-01,5,14671.83,0.08,67490.42,42281.55,25208.87,0.3735
SALE140020,CUST018,PRD002,1,4,2024-02,2024-02-01,7,22985.75,0.1,144810.23,118781.7,26028.53,0.1797
SALE140021,CUST044,PRD006,3,4,2024-02,2024-02-01,11,15566.56,0.11,152396.62,123908.9,28487.72,0.1869
SALE140022,CUST005,PRD005,3,2,2024-02,2024-02-01,6,18599.44,0.16,93741.18,84774.42,8966.76,0.0957
SALE140023,CUST036,PRD001,4,3,2024-02,2024-02-01,11,3595.03,0.14,34008.98,24319.59,9689.39,0.2849
SALE140024,CUST058,PRD008,3,3,2024-02,2024-02-01,8,6843.16,0.04,52555.47,37344.2,15211.27,0.2894
SALE140025,CUST060,PRD007,3,3,2024-02,2024-02-01,7,14452.36,0.15,85991.54,65359.2,20632.34,0.2399
SALE140026,CUST007,PRD007,3,4,2024-02,2024-02-01,8,11361.05,0.13,79072.91,66302.86,12770.05,0.1615
SALE140027,CUST044,PRD008,3,3,2024-02,2024-02-01,9,15872.87,0.17,118570.34,88568.97,30001.37,0.253
SALE140028,CUST014,PRD006,3,2,2024-02,2024-02-01,11,21212.56,0.08,214671.11,175128.43,39542.68,0.1842
SALE140029,CUST049,PRD006,1,2,2024-02,2024-02-01,9,22585.24,0.07,189038.46,137529.23,51509.23,0.2725
SALE140030,CUST058,PRD003,3,3,2024-02,2024-02-01,5,20212.34,0.12,88934.3,76001.88,12932.42,0.1454
SALE140031,CUST037,PRD001,3,3,2024-02,2024-02-01,1,3726.84,0.1,3354.16,2703.23,650.93,0.1941
SALE140032,CUST059,PRD004,4,3,2024-02,2024-02-01,10,14064.25,0.15,119546.12,97437.44,22108.68,0.1849
SALE140033,CUST045,PRD002,4,2,2024-02,2024-02-01,4,2524.58,0.03,9795.37,6440.28,3355.09,0.3425
SALE140034,CUST021,PRD001,2,4,2024-02,2024-02-01,1,12765.91,0.07,11872.3,7041.09,4831.21,0.4069
SALE140035,CUST046,PRD007,4,2,2024-02,2024-02-01,9,11891.28,0.09,97389.58,76340.83,21048.75,0.2161
SALE140036,CUST033,PRD008,4,2,2024-02,2024-02-01,4,20383.57,0.14,70119.48,48819.72,21299.76,0.3038
SALE140037,CUST004,PRD003,3,2,2024-02,2024-02-01,10,17219.92,0.1,154979.28,131040.21,23939.07,0.1545
SALE140038,CUST042,PRD006,2,2,2024-02,2024-02-01,11,20594.57,0.13,197090.03,128662.08,68427.95,0.3472
SALE140039,CUST015,PRD006,1,4,2024-02,2024-02-01,11,11059.58,0.04,116789.16,68143.21,48645.95,0.4165
SALE140040,CUST037,PRD004,3,2,2024-02,2024-02-01,1,11614.71,0.08,10685.53,8579.21,2106.32,0.1971
SALE150001,CUST006,PRD004,2,3,2024-03,2024-03-01,11,11546.18,0.04,121927.66,93335.58,28592.08,0.2345
SALE150002,CUST013,PRD001,2,3,2024-03,2024-03-01,1,21332.2,0.02,20905.56,15558.34,5347.22,0.2558
SALE150003,CUST012,PRD001,1,1,2024-03,2024-03-01,6,2614.34,0.02,15372.32,11897.85,3474.47,0.226
SALE150004,CUST058,PRD001,3,4,2024-03,2024-03-01,5,19400.55,0.14,83422.37,56883.34,26539.03,0.3181
SALE150005,CUST051,PRD004,3,4,2024-03,2024-03-01,10,16396.49,0.15,139370.17,96498.4,42871.77,0.3076
SALE150006,CUST042,PRD008,2,4,2024-03,2024-03-01,11,5219.87,0.05,54547.64,34303.57,20244.07,0.3711
SALE150007,CUST035,PRD005,2,4,2024-03,2024-03-01,9,9276.48,0.05,79313.9,58660.25,20653.65,0.2604
SALE150008,CUST004,PRD005,3,3,2024-03,2024-03-01,6,6993.22,0.16,35245.83,23852.36,11393.47,0.3233
SALE150009,CUST033,PRD008,4,3,2024-03,2024-03-01,2,20520.98,0.17,34064.83,31495.81,2569.02,0.0754
SALE150010,CUST043,PRD008,3,2,2024-03,2024-03-01,1,8926.83,0.16,7498.54,6512.17,986.37,0.1315
SALE150011,CUST036,PRD004,4,4,2024-03,2024-03-01,4,23193.59,0.14,79785.95,55080.5,24705.45,0.3096
SALE150012,CUST012,PRD007,1,1,2024-03,2024-03-01,9,22386.81,0.08,185362.79,141356.67,44006.12,0.2374
SALE150013,CUST024,PRD004,3,1,2024-03,2024-03-01,1,18741.06,0.09,17054.36,13037.75,4016.61,0.2355
SALE150014,CUST009,PRD003,3,2,2024-03,2024-03-01,10,10184.15,0.04,97767.84,66547.7,31220.14,0.3193
SALE150015,CUST057,PRD007,4,1,2024-03,2024-03-01,11,2476.68,0.08,25064.0,18027.05,7036.95,0.2808
SALE150016,CUST054,PRD007,4,3,2024-03,2024-03-01,9,17103.88,0.11,137002.08,118275.46,18726.62,0.1367
SALE150017,CUST010,PRD004,2,2,2024-03,2024-03-01,5,20713.96,0.07,96319.91,60326.2,35993.71,0.3737
SALE150018,CUST045,PRD003,4,1,2024-03,2024-03-01,5,9195.14,0.16,38619.59,29495.98,9123.61,0.2362
SALE150019,CUST036,PRD002,4,3,2024-03,2024-03-01,6,21450.85,0.12,113260.49,72921.08,40339.41,0.3562
SALE150020,CUST050,PRD006,2,2,2024-03,2024-03-01,8,22175.01,0.02,173852.08,111313.51,62538.57,0.3597
SALE150021,CUST004,PRD001,3,3,2024-03,2024-03-01,10,15111.47,0.07,140536.67,117374.08,23162.59,0.1648
SALE150022,CUST003,PRD008,3,1,2024-03,2024-03-01,4,7383.59,0.08,27171.61,18903.32,8268.29,0.3043
SALE150023,CUST006,PRD007,2,1,2024-03,2024-03-01,9,15606.84,0.12,123606.17,108720.48,14885.69,0.1204
SALE150024,CUST047,PRD004,2,2,2024-03,2024-03-01,3,11719.79,0.11,31291.84,20693.94,10597.9,0.3387
SALE150025,CUST007,PRD005,3,4,2024-03,2024-03-01,1,23063.42,0.09,20987.71,12990.71,7997.0,0.381
SALE150026,CUST047,PRD007,2,2,2024-03,2024-03-01,11,12933.84,0.16,119508.68,101873.7,17634.98,0.1476
SALE150027,CUST004,PRD003,3,1,2024-03,2024-03-01,6,15698.26,0.04,90421.98,55708.63,34713.35,0.3839
SALE150028,CUST002,PRD006,3,3,2024-03,2024-03-01,10,21653.18,0.07,201374.57,135219.83,66154.74,0.3285
SALE150029,CUST004,PRD003,3,2,2024-03,2024-03-01,2,11785.81,0.17,19564.44,18069.06,1495.38,0.0764
SALE150030,CUST031,PRD008,1,1,2024-03,2024-03-01,1,13921.31,0.17,11554.69,8022.39,3532.3,0.3057
SALE150031,CUST017,PRD004,2,2,2024-03,2024-03-01,1,9760.23,0.18,8003.39,6483.58,1519.81,0.1899
SALE150032,CUST015,PRD007,1,2,2024-03,2024-03-01,1,1426.49,0.14,1226.78,1091.57,135.21,0.1102
SALE150033,CUST054,PRD008,4,4,2024-03,2024-03-01,10,23817.99,0.02,233416.3,181899.69,51516.61,0.2207
SALE150034,CUST038,PRD004,2,1,2024-03,2024-03-01,11,2649.32,0.17,24188.29,22446.7,1741.59,0.072
SALE150035,CUST060,PRD004,3,1,2024-03,2024-03-01,10,12486.72,0.09,113629.15,71983.96,41645.19,0.3665
SALE150036,CUST013,PRD001,2,3,2024-03,2024-03-01,8,22419.48,0.13,156039.58,121980.09,34059.49,0.2183
SALE150037,CUST045,PRD005,4,1,2024-03,2024-03-01,6,20743.44,0.12,109525.36,88175.76,21349.6,0.1949
SALE150038,CUST030,PRD005,3,1,2024-03,2024-03-01,6,24749.91,0.02,145529.47,90640.88,54888.59,0.3772
SALE150039,CUST024,PRD008,3,3,2024-03,2024-03-01,7,8599.92,0.08,55383.48,41225.95,14157.53,0.2556
SALE150040,CUST028,PRD008,4,4,2024-03,2024-03-01,10,19683.93,0.1,177155.37,114357.92,62797.45,0.3545
SALE160001,CUST021,PRD001,2,4,2024-04,2024-04-01,5,3244.18,0.06,15247.65,10205.51,5042.14,0.3307
SALE160002,CUST053,PRD005,4,2,2024-04,2024-04-01,3,9830.65,0.16,24773.24,21569.36,3203.88,0.1293
SALE160003,CUST010,PRD005,2,2,2024-04,2024-04-01,8,18730.43,0.02,146846.57,99426.08,47420.49,0.3229
SALE160004,CUST006,PRD002,2,4,2024-04,2024-04-01,7,19696.45,0.18,113057.62,107021.85,6035.77,0.0534
SALE160005,CUST060,PRD001,3,2,2024-04,2024-04-01,10,9582.05,0.06,90071.27,71423.34,18647.93,0.207
SALE160006,CUST044,PRD006,3,4,2024-04,2024-04-01,9,7807.28,0.11,62536.31,54282.59,8253.72,0.132
SALE160007,CUST003,PRD006,3,4,2024-04,2024-04-01,5,20830.03,0.08,95818.14,70709.51,25108.63,0.262
SALE160008,CUST051,PRD003,3,2,2024-04,2024-04-01,2,9682.72,0.03,18784.48,13833.66,4950.82,0.2636
SALE160009,CUST049,PRD005,1,4,2024-04,2024-04-01,7,22576.18,0.17,131167.61,107416.44,23751.17,0.1811
SALE160010,CUST017,PRD001,2,1,2024-04,2024-04-01,6,19664.82,0.16,99110.69,72776.21,26334.48,0.2657
SALE160011,CUST010,PRD008,2,4,2024-04,2024-04-01,4,21423.53,0.05,81409.41,58986.4,22423.01,0.2754
SALE160012,CUST034,PRD005,4,4,2024-04,2024-04-01,5,6927.57,0.0,34637.85,22417.83,12220.02,0.3528
SALE160013,CUST053,PRD001,4,4,2024-04,2024-04-01,7,17662.53,0.17,102619.3,68510.24,34109.06,0.3324
SALE160014,CUST050,PRD004,2,1,2024-04,2024-04-01,1,21109.7,0.01,20898.6,14695.27,6203.33,0.2968
SALE160015,CUST019,PRD005,1,2,2024-04,2024-04-01,4,3214.16,0.02,12599.51,9536.32,3063.19,0.2431
SALE160016,CUST011,PRD002,3,1,2024-04,2024-04-01,4,15322.59,0.02,60064.55,46105.38,13959.17,0.2324
SALE160017,CUST019,PRD003,1,2,2024-04,2024-04-01,5,2341.26,0.03,11355.11,7125.26,4229.85,0.3725
SALE160018,CUST001,PRD004,3,4,2024-04,2024-04-01,1,2299.76,0.07,2138.78,1329.49,809.29,0.3784
SALE160019,CUST045,PRD005,4,1,2024-04,2024-04-01,6,2264.61,0.06,12772.4,9856.31,2916.09,0.2283
SALE160020,CUST025,PRD004,3,3,2024-04,2024-04-01,7,23033.45,0.05,153172.44,99946.01,53226.43,0.3475
SALE160021,CUST060,PRD003,3,2,2024-04,2024-04-01,3,15447.52,0.01,45879.13,31187.82,14691.31,0.3202
SALE160022,CUST032,PRD003,3,1,2024-04,2024-04-01,10,7208.06,0.02,70638.99,54397.75,16241.24,0.2299
SALE160023,CUST037,PRD004,3,1,2024-04,2024-04-01,8,4128.52,0.04,31707.03,22510.45,9196.58,0.29
SALE160024,CUST050,PRD004,2,4,2024-04,2024-04-01,11,17375.23,0.16,160547.13,125849.9,34697.23,0.2161
SALE160025,CUST018,PRD003,1,1,2024-04,2024-04-01,2,17371.13,0.09,31615.46,25483.02,6132.44,0.194
SALE160026,CUST007,PRD004,3,3,2024-04,2024-04-01,2,18644.75,0.08,34306.34,28702.13,5604.21,0.1634
SALE160027,CUST046,PRD005,4,1,2024-04,2024-04-01,6,24466.4,0.16,123310.66,81600.8,41709.86,0.3383
SALE160028,CUST040,PRD006,1,3,2024-04,2024-04-01,10,19429.79,0.02,190411.94,119740.09,70671.85,0.3712
SALE160029,CUST006,PRD004,2,3,2024-04,2024-04-01,8,9735.42,0.17,64643.19,46572.44,18070.75,0.2795
SALE160030,CUST016,PRD004,3,2,2024-04,2024-04-01,2,16071.08,0.0,32142.16,24271.81,7870.35,0.2449
SALE160031,CUST012,PRD004,1,3,2024-04,2024-04-01,11,3079.92,0.04,32523.96,23797.42,8726.54,0.2683
SALE160032,CUST050,PRD003,2,1,2024-04,2024-04-01,4,12187.43,0.17,40462.27,37812.85,2649.42,0.0655
SALE160033,CUST058,PRD003,3,2,2024-04,2024-04-01,11,18960.03,0.11,185618.69,127870.16,57748.53,0.3111
SALE160034,CUST036,PRD007,4,3,2024-04,2024-04-01,6,18780.27,0.13,98033.01,68673.39,29359.62,0.2995
SALE160035,CUST008,PRD003,3,3,2024-04,2024-04-01,6,1397.11,0.11,7460.57,5399.03,2061.54,0.2763
SALE160036,CUST046,PRD003,4,1,2024-04,2024-04-01,2,19576.37,0.16,32888.3,29735.1,3153.2,0.0959
SALE160037,CUST046,PRD007,4,2,2024-04,2024-04-01,5,22563.25,0.01,111688.09,85264.79,26423.3,0.2366
SALE160038,CUST056,PRD001,3,3,2024-04,2024-04-01,1,16391.48,0.01,16227.57,11039.97,5187.6,0.3197
SALE160039,CUST017,PRD008,2,2,2024-04,2024-04-01,10,24566.6,0.12,216186.08,176472.53,39713.55,0.1837
SALE160040,CUST053,PRD002,4,2,2024-04,2024-04-01,9,11263.51,0.09,92248.15,60848.4,31399.75,0.3404
SALE170001,CUST060,PRD004,3,2,2024-05,2024-05-01,8,8544.4,0.02,66988.1,38053.85,28934.25,0.4319
SALE170002,CUST033,PRD006,4,3,2024-05,2024-05-01,1,16741.67,0.1,15067.5,12879.33,2188.17,0.1452
SALE170003,CUST001,PRD007,3,4,2024-05,2024-05-01,2,11820.28,0.13,20567.29,16730.55,3836.74,0.1865
SALE170004,CUST040,PRD006,1,1,2024-05,2024-05-01,10,18369.87,0.12,161654.86,107769.5,53885.36,0.3333
SALE170005,CUST044,PRD007,3,1,2024-05,2024-05-01,5,9245.71,0.15,39294.27,34432.97,4861.3,0.1237
SALE170006,CUST050,PRD008,2,1,2024-05,2024-05-01,7,8854.71,0.11,55164.84,37376.58,17788.26,0.3225
SALE170007,CUST019,PRD007,1,1,2024-05,2024-05-01,4,16621.82,0.12,58508.81,37850.83,20657.98,0.3531
SALE170008,CUST050,PRD004,2,3,2024-05,2024-05-01,8,21259.38,0.13,147965.28,115555.47,32409.81,0.219
SALE170009,CUST053,PRD001,4,3,2024-05,2024-05-01,6,24635.44,0.0,147812.64,95912.81,51899.83,0.3511
SALE170010,CUST057,PRD006,4,1,2024-05,2024-05-01,4,11863.43,0.03,46030.11,29074.47,16955.64,0.3684
SALE170011,CUST020,PRD007,3,4,2024-05,2024-05-01,5,8828.82,0.01,43702.66,34375.87,9326.79,0.2134
SALE170012,CUST048,PRD007,3,2,2024-05,2024-05-01,1,16796.95,0.12,14781.32,11662.42,3118.9,0.211
SALE170013,CUST052,PRD001,2,3,2024-05,2024-05-01,1,10279.12,0.07,9559.58,7175.3,2384.28,0.2494
SALE170014,CUST053,PRD005,4,3,2024-05,2024-05-01,8,19715.93,0.17,130913.78,96409.62,34504.16,0.2636
SALE170015,CUST019,PRD008,1,3,2024-05,2024-05-01,4,11854.4,0.01,46943.42,33826.52,13116.9,0.2794
SALE170016,CUST018,PRD004,1,1,2024-05,2024-05-01,7,5424.92,0.05,36075.72,24274.81,11800.91,0.3271
SALE170017,CUST058,PRD002,3,4,2024-05,2024-05-01,4,16300.06,0.01,64548.24,50500.3,14047.94,0.2176
SALE170018,CUST024,PRD006,3,3,2024-05,2024-05-01,4,21385.07,0.03,82974.07,56169.3,26804.77,0.323
SALE170019,CUST002,PRD002,3,2,2024-05,2024-05-01,11,24910.71,0.14,235655.32,180420.61,55234.71,0.2344
SALE170020,CUST048,PRD001,3,2,2024-05,2024-05-01,6,14743.56,0.18,72538.32,60253.24,12285.08,0.1694
SALE170021,CUST001,PRD002,3,3,2024-05,2024-05-01,10,24367.45,0.09,221743.8,173895.03,47848.77,0.2158
SALE170022,CUST003,PRD001,3,3,2024-05,2024-05-01,1,17542.98,0.16,14736.1,11242.36,3493.74,0.2371
SALE170023,CUST010,PRD003,2,2,2024-05,2024-05-01,3,8056.28,0.15,20543.51,13772.38,6771.13,0.3296
SALE170024,CUST031,PRD007,1,3,2024-05,2024-05-01,1,21570.95,0.08,19845.27,15779.34,4065.93,0.2049
SALE170025,CUST008,PRD005,3,4,2024-05,2024-05-01,1,19874.69,0.01,19675.94,13719.73,5956.21,0.3027
SALE170026,CUST015,PRD004,1,1,2024-05,2024-05-01,2,8462.21,0.17,14047.27,12643.13,1404.14,0.1
SALE170027,CUST056,PRD008,3,3,2024-05,2024-05-01,1,13126.97,0.05,12470.62,7703.84,4766.78,0.3822
SALE170028,CUST035,PRD005,2,2,2024-05,2024-05-01,5,8116.18,0.14,34899.57,24845.27,10054.3,0.2881
SALE170029,CUST007,PRD004,3,3,2024-05,2024-05-01,6,22936.03,0.11,122478.4,93987.17,28491.23,0.2326
SALE170030,CUST036,PRD002,4,4,2024-05,2024-05-01,5,10660.53,0.06,50104.49,32028.83,18075.66,0.3608
SALE170031,CUST016,PRD002,3,4,2024-05,2024-05-01,3,2565.53,0.13,6696.03,5701.94,994.09,0.1485
SALE170032,CUST014,PRD004,3,4,2024-05,2024-05-01,5,8992.06,0.17,37317.05,29898.34,7418.71,0.1988
SALE170033,CUST032,PRD005,3,4,2024-05,2024-05-01,11,6261.17,0.02,67495.41,48166.2,19329.21,0.2864
SALE170034,CUST045,PRD002,4,2,2024-05,2024-05-01,2,10674.34,0.07,19854.27,14382.11,5472.16,0.2756
SALE170035,CUST006,PRD006,2,4,2024-05,2024-05-01,2,3491.55,0.06,6564.11,4997.48,1566.63,0.2387
SALE170036,CUST050,PRD008,2,2,2024-05,2024-05-01,7,4034.1,0.0,28238.7,15647.76,12590.94,0.4459
SALE170037,CUST017,PRD005,2,1,2024-05,2024-05-01,4,23218.9,0.17,77086.75,65831.34,11255.41,0.146
SALE170038,CUST037,PRD004,3,1,2024-05,2024-05-01,6,22107.62,0.09,120707.61,73698.05,47009.56,0.3894
SALE170039,CUST037,PRD004,3,4,2024-05,2024-05-01,6,22037.45,0.17,109746.5,73078.53,36667.97,0.3341
SALE170040,CUST032,PRD005,3,4,2024-05,2024-05-01,4,6788.88,0.08,24983.08,18798.0,6185.08,0.2476
SALE180001,CUST044,PRD004,3,3,2024-06,2024-06-01,7,21666.23,0.14,130430.7,104134.5,26296.2,0.2016
SALE180002,CUST017,PRD001,2,1,2024-06,2024-06-01,5,16493.37,0.16,69272.15,59070.46,10201.69,0.1473
SALE180003,CUST018,PRD002,1,4,2024-06,2024-06-01,10,9499.78,0.14,81698.11,67975.13,13722.98,0.168
SALE180004,CUST002,PRD004,3,4,2024-06,2024-06-01,8,19125.46,0.15,130053.13,87075.5,42977.63,0.3305
SALE180005,CUST039,PRD002,4,4,2024-06,2024-06-01,6,13112.04,0.1,70805.02,61052.55,9752.47,0.1377
SALE180006,CUST020,PRD004,3,1,2024-06,2024-06-01,4,22907.82,0.1,82468.15,61805.15,20663.0,0.2506
SALE180007,CUST060,PRD007,3,2,2024-06,2024-06-01,8,1825.23,0.07,13579.71,9079.55,4500.16,0.3314
SALE180008,CUST017,PRD001,2,3,2024-06,2024-06-01,8,20870.97,0.11,148601.31,104955.97,43645.34,0.2937
SALE180009,CUST020,PRD008,3,4,2024-06,2024-06-01,10,20023.03,0.02,196225.69,118000.17,78225.52,0.3987
SALE180010,CUST040,PRD007,1,3,2024-06,2024-06-01,9,16007.66,0.13,125339.98,95823.4,29516.58,0.2355
SALE180011,CUST056,PRD006,3,1,2024-06,2024-06-01,1,24565.67,0.15,20880.82,14201.05,6679.77,0.3199
SALE180012,CUST054,PRD006,4,3,2024-06,2024-06-01,2,3232.87,0.06,6077.8,3722.93,2354.87,0.3875
SALE180013,CUST051,PRD001,3,4,2024-06,2024-06-01,11,21380.49,0.1,211666.85,134766.08,76900.77,0.3633
SALE180014,CUST050,PRD007,2,3,2024-06,2024-06-01,9,1590.98,0.02,14032.44,9357.99,4674.45,0.3331
SALE180015,CUST049,PRD001,1,2,2024-06,2024-06-01,11,1658.25,0.03,17693.53,10540.37,7153.16,0.4043
SALE180016,CUST020,PRD005,3,3,2024-06,2024-06-01,2,9094.95,0.11,16189.01,11227.85,4961.16,0.3065
SALE180017,CUST057,PRD007,4,1,2024-06,2024-06-01,5,13901.49,0.03,67422.23,50494.17,16928.06,0.2511
SALE180018,CUST051,PRD001,3,3,2024-06,2024-06-01,10,23088.44,0.14,198560.58,170264.91,28295.67,0.1425
SALE180019,CUST037,PRD008,3,2,2024-06,2024-06-01,2,2952.55,0.06,5550.79,3327.98,2222.81,0.4004
SALE180020,CUST057,PRD001,4,2,2024-06,2024-06-01,3,24509.98,0.09,66912.25,55345.62,11566.63,0.1729
SALE180021,CUST001,PRD008,3,4,2024-06,2024-06-01,8,9612.42,0.17,63826.47,57266.78,6559.69,0.1028
SALE180022,CUST011,PRD001,3,3,2024-06,2024-06-01,6,6387.67,0.09,34876.68,24405.52,10471.16,0.3002
SALE180023,CUST036,PRD005,4,2,2024-06,2024-06-01,10,23483.15,0.12,206651.72,165699.41,40952.31,0.1982
SALE180024,CUST001,PRD003,3,3,2024-06,2024-06-01,2,5753.3,0.07,10701.14,7630.23,3070.91,0.287
SALE180025,CUST020,PRD005,3,3,2024-06,2024-06-01,2,2084.72,0.05,3960.97,2823.33,1137.64,0.2872
SALE180026,CUST034,PRD002,4,3,2024-06,2024-06-01,1,12612.66,0.09,11477.52,8737.25,2740.27,0.2388
SALE180027,CUST049,PRD002,1,3,2024-06,2024-06-01,10,9751.06,0.09,88734.65,66416.53,22318.12,0.2515
SALE180028,CUST003,PRD005,3,2,2024-06,2024-06-01,5,14174.52,0.1,63785.34,45709.39,18075.95,0.2834
SALE180029,CUST042,PRD006,2,4,2024-06,2024-06-01,11,23820.55,0.08,241063.97,202448.23,38615.74,0.1602
SALE180030,CUST007,PRD007,3,3,2024-06,2024-06-01,1,20399.32,0.17,16931.44,14648.83,2282.61,0.1348
SALE180031,CUST052,PRD008,2,4,2024-06,2024-06-01,1,20422.64,0.03,19809.96,15630.72,4179.24,0.211
SALE180032,CUST022,PRD001,4,3,2024-06,2024-06-01,9,9301.84,0.17,69484.74,46826.23,22658.51,0.3261
SALE180033,CUST057,PRD002,4,4,2024-06,2024-06-01,10,23064.33,0.06,216804.7,155852.52,60952.18,0.2811
SALE180034,CUST052,PRD002,2,1,2024-06,2024-06-01,10,11860.09,0.15,100810.76,74238.24,26572.52,0.2636
SALE180035,CUST047,PRD008,2,2,2024-06,2024-06-01,9,5534.54,0.05,47320.32,30071.52,17248.8,0.3645
SALE180036,CUST009,PRD004,3,1,2024-06,2024-06-01,5,24801.04,0.02,121525.1,70602.01,50923.09,0.419
SALE180037,CUST056,PRD005,3,2,2024-06,2024-06-01,6,10489.86,0.15,53498.29,35178.26,18320.03,0.3424
SALE180038,CUST012,PRD001,1,2,2024-06,2024-06-01,7,16676.82,0.1,105063.97,90272.16,14791.81,0.1408
SALE180039,CUST018,PRD005,1,2,2024-06,2024-06-01,2,19736.75,0.0,39473.5,23097.14,16376.36,0.4149
SALE180040,CUST025,PRD002,3,3,2024-06,2024-06-01,2,14035.93,0.07,26106.83,16080.73,10026.1,0.384
SALE190001,CUST039,PRD008,4,2,2024-07,2024-07-01,10,14289.09,0.03,138604.17,84582.03,54022.14,0.3898
SALE190002,CUST036,PRD005,4,2,2024-07,2024-07-01,5,18825.73,0.06,88480.93,63558.76,24922.17,0.2817
SALE190003,CUST050,PRD005,2,1,2024-07,2024-07-01,2,14349.76,0.05,27264.54,21691.32,5573.22,0.2044
SALE190004,CUST044,PRD008,3,4,2024-07,2024-07-01,10,12624.46,0.03,122457.26,78762.69,43694.57,0.3568
SALE190005,CUST050,PRD004,2,3,2024-07,2024-07-01,11,13700.31,0.03,146182.31,90253.99,55928.32,0.3826
SALE190006,CUST002,PRD004,3,2,2024-07,2024-07-01,7,9244.3,0.05,61474.59,43499.94,17974.65,0.2924
SALE190007,CUST051,PRD005,3,1,2024-07,2024-07-01,6,23491.93,0.14,121218.36,81072.52,40145.84,0.3312
SALE190008,CUST055,PRD001,4,1,2024-07,2024-07-01,9,7974.12,0.05,68178.73,40849.01,27329.72,0.4009
SALE190009,CUST037,PRD004,3,3,2024-07,2024-07-01,3,15364.05,0.1,41482.93,31520.11,9962.82,0.2402
SALE190010,CUST045,PRD002,4,1,2024-07,2024-07-01,3,6372.52,0.16,16058.75,11475.5,4583.25,0.2854
SALE190011,CUST052,PRD002,2,1,2024-07,2024-07-01,5,14194.21,0.03,68841.92,42855.73,25986.19,0.3775
SALE190012,CUST045,PRD004,4,2,2024-07,2024-07-01,3,9335.35,0.06,26325.69,18077.22,8248.47,0.3133
SALE190013,CUST022,PRD006,4,4,2024-07,2024-07-01,2,8156.59,0.02,15986.92,8995.2,6991.72,0.4373
SALE190014,CUST011,PRD001,3,2,2024-07,2024-07-01,6,11165.73,0.07,62304.77,51183.08,11121.69,0.1785
SALE190015,CUST046,PRD001,4,4,2024-07,2024-07-01,6,8430.89,0.15,42997.54,28163.97,14833.57,0.345
SALE190016,CUST053,PRD005,4,4,2024-07,2024-07-01,9,11744.11,0.08,97241.23,72183.33,25057.9,0.2577
SALE190017,CUST009,PRD005,3,1,2024-07,2024-07-01,6,15596.82,0.02,91709.3,71360.43,20348.87,0.2219
SALE190018,CUST040,PRD004,1,2,2024-07,2024-07-01,8,5144.45,0.14,35393.82,27957.43,7436.39,0.2101
SALE190019,CUST053,PRD003,4,1,2024-07,2024-07-01,4,3630.01,0.04,13939.24,8718.9,5220.34,0.3745
SALE190020,CUST009,PRD004,3,3,2024-07,2024-07-01,8,9731.66,0.09,70846.48,45346.16,25500.32,0.3599
SALE190021,CUST035,PRD001,2,4,2024-07,2024-07-01,10,17432.19,0.03,169092.24,117577.96,51514.28,0.3047
SALE190022,CUST053,PRD005,4,4,2024-07,2024-07-01,1,5708.88,0.13,4966.73,4103.6,863.13,0.1738
SALE190023,CUST015,PRD001,1,4,2024-07,2024-07-01,4,13479.05,0.01,53377.04,35406.22,17970.82,0.3367
SALE190024,CUST047,PRD006,2,3,2024-07,2024-07-01,9,24755.22,0.03,216113.07,145603.09,70509.98,0.3263
SALE190025,CUST055,PRD002,4,3,2024-07,2024-07-01,4,17266.94,0.03,66995.73,49535.72,17460.01,0.2606
SALE190026,CUST021,PRD003,2,4,2024-07,2024-07-01,2,17041.52,0.18,27948.09,22688.6,5259.49,0.1882
SALE190027,CUST052,PRD005,2,2,2024-07,2024-07-01,1,14135.21,0.1,12721.69,10596.3,2125.39,0.1671
SALE190028,CUST003,PRD002,3,4,2024-07,2024-07-01,1,5099.65,0.12,4487.69,3428.2,1059.49,0.2361
SALE190029,CUST052,PRD007,2,3,2024-07,2024-07-01,6,12241.07,0.01,72711.96,44525.3,28186.66,0.3876
SALE190030,CUST017,PRD001,2,3,2024-07,2024-07-01,11,7057.95,0.13,67544.58,58897.67,8646.91,0.128
SALE190031,CUST034,PRD008,4,2,2024-07,2024-07-01,4,5268.28,0.17,17490.69,13966.42,3524.27,0.2015
SALE190032,CUST004,PRD006,3,2,2024-07,2024-07-01,5,24610.69,0.01,121822.92,75991.51,45831.41,0.3762
SALE190033,CUST006,PRD002,2,3,2024-07,2024-07-01,8,18490.15,0.06,139045.93,93429.74,45616.19,0.3281
SALE190034,CUST029,PRD007,4,2,2024-07,2024-07-01,8,20053.34,0.09,145988.32,99955.33,46032.99,0.3153
SALE190035,CUST014,PRD001,3,2,2024-07,2024-07-01,11,1829.31,0.18,16500.38,13932.95,2567.43,0.1556
SALE190036,CUST037,PRD006,3,4,2024-07,2024-07-01,2,24019.44,0.12,42274.21,36945.54,5328.67,0.1261
SALE190037,CUST018,PRD003,1,3,2024-07,2024-07-01,2,19281.98,0.01,38178.32,26241.84,11936.48,0.3127
SALE190038,CUST052,PRD002,2,2,2024-07,2024-07-01,5,17496.15,0.1,78732.68,65187.14,13545.54,0.172
SALE190039,CUST033,PRD005,4,2,2024-07,2024-07-01,5,16752.33,0.15,71197.4,54801.46,16395.94,0.2303
SALE190040,CUST027,PRD003,4,2,2024-07,2024-07-01,8,15870.02,0.02,124420.96,80858.14,43562.82,0.3501
SALE200001,CUST012,PRD007,1,4,2024-08,2024-08-01,1,24986.13,0.11,22237.66,16316.69,5920.97,0.2663
SALE200002,CUST043,PRD003,3,3,2024-08,2024-08-01,11,7335.13,0.16,67776.6,61133.69,6642.91,0.098
SALE200003,CUST010,PRD003,2,4,2024-08,2024-08-01,3,2913.6,0.06,8216.35,6314.33,1902.02,0.2315
SALE200004,CUST034,PRD001,4,1,2024-08,2024-08-01,7,24823.58,0.18,142487.35,106076.22,36411.13,0.2555
SALE200005,CUST036,PRD005,4,2,2024-08,2024-08-01,6,24225.42,0.13,126456.69,80401.68,46055.01,0.3642
SALE200006,CUST041,PRD007,3,1,2024-08,2024-08-01,4,8651.85,0.05,32877.03,19149.0,13728.03,0.4176
SALE200007,CUST004,PRD004,3,4,2024-08,2024-08-01,5,4130.17,0.15,17553.22,12937.07,4616.15,0.263
SALE200008,CUST019,PRD006,1,3,2024-08,2024-08-01,1,3185.73,0.03,3090.16,2291.14,799.02,0.2586
SALE200009,CUST056,PRD008,3,1,2024-08,2024-08-01,3,23389.1,0.13,61045.55,43948.41,17097.14,0.2801
SALE200010,CUST013,PRD002,2,3,2024-08,2024-08-01,11,13296.52,0.11,130172.93,92962.86,37210.07,0.2859
SALE200011,CUST028,PRD002,4,3,2024-08,2024-08-01,10,6825.49,0.02,66889.8,52104.94,14784.86,0.221
SALE200012,CUST013,PRD005,2,3,2024-08,2024-08-01,4,6796.37,0.17,22563.95,17397.85,5166.1,0.229
SALE200013,CUST041,PRD001,3,1,2024-08,2024-08-01,4,11183.46,0.15,38023.76,31388.85,6634.91,0.1745
SALE200014,CUST060,PRD001,3,1,2024-08,2024-08-01,4,2372.1,0.07,8824.21,6391.71,2432.5,0.2757
SALE200015,CUST013,PRD008,2,2,2024-08,2024-08-01,4,10203.81,0.07,37958.17,25298.39,12659.78,0.3335
SALE200016,CUST011,PRD006,3,2,2024-08,2024-08-01,3,6662.0,0.1,17987.4,11041.6,6945.8,0.3861
SALE200017,CUST057,PRD004,4,1,2024-08,2024-08-01,2,20795.46,0.16,34936.37,26352.51,8583.86,0.2457
SALE200018,CUST023,PRD004,4,1,2024-08,2024-08-01,9,2915.33,0.07,24401.31,19012.5,5388.81,0.2208
SALE200019,CUST056,PRD003,3,2,2024-08,2024-08-01,7,3076.22,0.09,19595.52,16594.63,3000.89,0.1531
SALE200020,CUST022,PRD005,4,2,2024-08,2024-08-01,1,7873.45,0.15,6692.43,4903.42,1789.01,0.2673
SALE200021,CUST058,PRD006,3,3,2024-08,2024-08-01,3,18019.84,0.14,46491.19,39046.85,7444.34,0.1601
SALE200022,CUST005,PRD004,3,2,2024-08,2024-08-01,9,20524.68,0.17,153319.36,118986.01,34333.35,0.2239
SALE200023,CUST038,PRD008,2,4,2024-08,2024-08-01,2,1229.62,0.07,2287.09,1783.98,503.11,0.22
SALE200024,CUST022,PRD008,4,4,2024-08,2024-08-01,2,1768.05,0.09,3217.85,2127.86,1089.99,0.3387
SALE200025,CUST020,PRD001,3,1,2024-08,2024-08-01,2,13944.58,0.1,25100.24,20682.26,4417.98,0.176
SALE200026,CUST041,PRD008,3,2,2024-08,2024-08-01,2,24315.18,0.02,47657.75,37659.13,9998.62,0.2098
SALE200027,CUST009,PRD004,3,1,2024-08,2024-08-01,11,9576.7,0.02,103236.83,68955.67,34281.16,0.3321
SALE200028,CUST021,PRD002,2,1,2024-08,2024-08-01,11,22918.98,0.08,231940.08,177961.18,53978.9,0.2327
SALE200029,CUST032,PRD008,3,3,2024-08,2024-08-01,9,17590.24,0.13,137731.58,116095.58,21636.0,0.1571
SALE200030,CUST042,PRD004,2,3,2024-08,2024-08-01,10,1471.58,0.16,12361.27,10639.75,1721.52,0.1393
SALE200031,CUST051,PRD002,3,1,2024-08,2024-08-01,6,5526.68,0.17,27522.87,20297.26,7225.61,0.2625
SALE200032,CUST034,PRD001,4,2,2024-08,2024-08-01,11,12871.64,0.04,135924.52,89152.79,46771.73,0.3441
SALE200033,CUST001,PRD007,3,2,2024-08,2024-08-01,6,9262.36,0.08,51128.23,40415.36,10712.87,0.2095
SALE200034,CUST035,PRD001,2,1,2024-08,2024-08-01,4,21364.71,0.03,82895.07,63521.16,19373.91,0.2337
SALE200035,CUST029,PRD004,4,2,2024-08,2024-08-01,4,3805.85,0.01,15071.17,9821.65,5249.52,0.3483
SALE200036,CUST001,PRD002,3,1,2024-08,2024-08-01,1,24262.61,0.03,23534.73,14877.93,8656.8,0.3678
SALE200037,CUST013,PRD008,2,3,2024-08,2024-08-01,6,1455.02,0.13,7595.2,6321.74,1273.46,0.1677
SALE200038,CUST004,PRD004,3,1,2024-08,2024-08-01,2,9672.81,0.18,15863.41,13570.08,2293.33,0.1446
SALE200039,CUST057,PRD001,4,2,2024-08,2024-08-01,5,20148.82,0.08,92684.57,67107.89,25576.68,0.276
SALE200040,CUST044,PRD006,3,2,2024-08,2024-08-01,10,21366.56,0.14,183752.42,125890.17,57862.25,0.3149
SALE210001,CUST048,PRD004,3,4,2024-09,2024-09-01,11,6191.04,0.05,64696.37,48726.49,15969.88,0.2468
SALE210002,CUST051,PRD001,3,2,2024-09,2024-09-01,3,18217.4,0.01,54105.68,37240.77,16864.91,0.3117
SALE210003,CUST019,PRD006,1,2,2024-09,2024-09-01,1,6369.35,0.16,5350.25,4146.56,1203.69,0.225
SALE210004,CUST011,PRD004,3,2,2024-09,2024-09-01,2,5874.18,0.03,11395.91,7926.43,3469.48,0.3044
SALE210005,CUST038,PRD006,2,2,2024-09,2024-09-01,1,19143.23,0.16,16080.31,11145.57,4934.74,0.3069
SALE210006,CUST057,PRD003,4,4,2024-09,2024-09-01,3,15943.92,0.05,45440.17,29670.48,15769.69,0.347
SALE210007,CUST044,PRD003,3,4,2024-09,2024-09-01,11,24082.15,0.03,256956.54,186797.69,70158.85,0.273
SALE210008,CUST049,PRD001,1,1,2024-09,2024-09-01,8,9609.6,0.09,69957.89,49947.13,20010.76,0.286
SALE210009,CUST016,PRD007,3,4,2024-09,2024-09-01,4,11670.2,0.15,39678.68,29931.02,9747.66,0.2457
SALE210010,CUST001,PRD004,3,1,2024-09,2024-09-01,4,17750.16,0.11,63190.57,52025.32,11165.25,0.1767
SALE210011,CUST049,PRD006,1,1,2024-09,2024-09-01,6,18870.37,0.05,107561.11,84850.58,22710.53,0.2111
SALE210012,CUST034,PRD005,4,3,2024-09,2024-09-01,2,11717.74,0.14,20154.51,14877.52,5276.99,0.2618
SALE210013,CUST036,PRD002,4,2,2024-09,2024-09-01,2,20029.61,0.14,34450.93,28546.51,5904.42,0.1714
SALE210014,CUST038,PRD002,2,4,2024-09,2024-09-01,9,13227.84,0.18,97621.46,70106.42,27515.04,0.2819
SALE210015,CUST013,PRD007,2,4,2024-09,2024-09-01,6,5552.2,0.15,28316.22,21089.59,7226.63,0.2552
SALE210016,CUST018,PRD002,1,2,2024-09,2024-09-01,5,19902.46,0.09,90556.19,71103.32,19452.87,0.2148
SALE210017,CUST005,PRD001,3,4,2024-09,2024-09-01,1,3133.26,0.17,2600.61,1805.0,795.61,0.3059
SALE210018,CUST041,PRD004,3,3,2024-09,2024-09-01,9,19813.66,0.06,167623.56,120663.08,46960.48,0.2802
SALE210019,CUST058,PRD004,3,2,2024-09,2024-09-01,7,7640.85,0.07,49741.93,35845.7,13896.23,0.2794
SALE210020,CUST050,PRD008,2,4,2024-09,2024-09-01,9,18762.84,0.0,168865.56,95738.75,73126.81,0.433
SALE210021,CUST051,PRD002,3,3,2024-09,2024-09-01,2,6645.27,0.07,12360.2,8078.15,4282.05,0.3464
SALE210022,CUST053,PRD005,4,2,2024-09,2024-09-01,5,15962.95,0.14,68640.68,60615.68,8025.0,0.1169
SALE210023,CUST045,PRD001,4,3,2024-09,2024-09-01,6,23842.36,0.18,117304.41,105059.42,12244.99,0.1044
SALE210024,CUST039,PRD003,4,3,2024-09,2024-09-01,1,20605.08,0.14,17720.37,14264.69,3455.68,0.195
SALE210025,CUST016,PRD007,3,4,2024-09,2024-09-01,11,20502.97,0.11,200724.08,161390.02,39334.06,0.196
SALE210026,CUST009,PRD006,3,2,2024-09,2024-09-01,9,12349.62,0.06,104477.79,77703.62,26774.17,0.2563
SALE210027,CUST005,PRD007,3,2,2024-09,2024-09-01,3,22653.79,0.09,61844.85,40021.13,21823.72,0.3529
SALE210028,CUST041,PRD006,3,3,2024-09,2024-09-01,6,11874.72,0.15,60561.07,49565.16,10995.91,0.1816
SALE210029,CUST016,PRD002,3,2,2024-09,2024-09-01,3,10000.05,0.18,24600.12,21289.62,3310.5,0.1346
SALE210030,CUST003,PRD001,3,2,2024-09,2024-09-01,7,7845.17,0.12,48326.25,41869.54,6456.71,0.1336
SALE210031,CUST035,PRD003,2,1,2024-09,2024-09-01,5,1890.31,0.14,8128.33,6364.77,1763.56,0.217
SALE210032,CUST006,PRD005,2,1,2024-09,2024-09-01,3,15838.31,0.18,38962.24,30243.04,8719.2,0.2238
SALE210033,CUST011,PRD008,3,2,2024-09,2024-09-01,4,3977.59,0.12,14001.12,9824.46,4176.66,0.2983
SALE210034,CUST013,PRD002,2,4,2024-09,2024-09-01,11,17052.31,0.17,155687.59,118716.55,36971.04,0.2375
SALE210035,CUST034,PRD002,4,1,2024-09,2024-09-01,10,16052.62,0.15,136447.27,123786.0,12661.27,0.0928
SALE210036,CUST022,PRD001,4,1,2024-09,2024-09-01,3,17894.2,0.03,52072.12,35836.95,16235.17,0.3118
SALE210037,CUST014,PRD001,3,4,2024-09,2024-09-01,2,19963.98,0.03,38730.12,30661.13,8068.99,0.2083
SALE210038,CUST016,PRD008,3,4,2024-09,2024-09-01,9,18288.04,0.16,138257.58,127858.6,10398.98,0.0752
SALE210039,CUST049,PRD004,1,4,2024-09,2024-09-01,9,23941.71,0.16,180999.33,143477.46,37521.87,0.2073
SALE210040,CUST055,PRD006,4,3,2024-09,2024-09-01,1,16879.06,0.09,15359.94,11579.5,3780.44,0.2461
SALE220001,CUST002,PRD006,3,2,2024-10,2024-10-01,10,14662.82,0.12,129032.82,99119.2,29913.62,0.2318
SALE220002,CUST035,PRD001,2,1,2024-10,2024-10-01,6,13023.45,0.01,77359.29,59876.97,17482.32,0.226
SALE220003,CUST046,PRD003,4,2,2024-10,2024-10-01,3,15125.29,0.03,44014.59,31104.96,12909.63,0.2933
SALE220004,CUST059,PRD002,4,4,2024-10,2024-10-01,7,12894.73,0.06,84847.32,55972.31,28875.01,0.3403
SALE220005,CUST036,PRD002,4,2,2024-10,2024-10-01,1,13115.52,0.01,12984.36,8033.46,4950.9,0.3813
SALE220006,CUST031,PRD005,1,1,2024-10,2024-10-01,10,24906.26,0.16,209212.58,168537.02,40675.56,0.1944
SALE220007,CUST019,PRD004,1,4,2024-10,2024-10-01,10,12288.78,0.07,114285.65,68204.06,46081.59,0.4032
SALE220008,CUST056,PRD007,3,4,2024-10,2024-10-01,1,22527.08,0.06,21175.46,13373.0,7802.46,0.3685
SALE220009,CUST032,PRD005,3,2,2024-10,2024-10-01,1,15593.71,0.11,13878.4,10151.16,3727.24,0.2686
SALE220010,CUST001,PRD006,3,4,2024-10,2024-10-01,9,17691.46,0.15,135339.67,99277.88,36061.79,0.2665
SALE220011,CUST047,PRD008,2,4,2024-10,2024-10-01,3,2859.3,0.13,7462.77,6020.01,1442.76,0.1933
SALE220012,CUST045,PRD005,4,1,2024-10,2024-10-01,8,19353.23,0.16,130053.71,88274.53,41779.18,0.3212
SALE220013,CUST032,PRD003,3,1,2024-10,2024-10-01,5,20006.1,0.04,96029.28,72733.16,23296.12,0.2426
SALE220014,CUST048,PRD006,3,4,2024-10,2024-10-01,4,18194.54,0.06,68411.47,43548.45,24863.02,0.3634
SALE220015,CUST020,PRD004,3,4,2024-10,2024-10-01,4,9675.2,0.12,34056.7,27452.71,6603.99,0.1939
SALE220016,CUST038,PRD006,2,4,2024-10,2024-10-01,10,12880.29,0.01,127514.87,86880.14,40634.73,0.3187
SALE220017,CUST042,PRD002,2,3,2024-10,2024-10-01,1,20851.46,0.06,19600.37,14553.11,5047.26,0.2575
SALE220018,CUST024,PRD002,3,1,2024-10,2024-10-01,3,23982.65,0.17,59716.8,49013.1,10703.7,0.1792
SALE220019,CUST050,PRD008,2,3,2024-10,2024-10-01,7,8065.34,0.01,55892.81,40482.31,15410.5,0.2757
SALE220020,CUST025,PRD002,3,1,2024-10,2024-10-01,4,22850.13,0.04,87744.5,58363.03,29381.47,0.3349
SALE220021,CUST052,PRD008,2,3,2024-10,2024-10-01,2,23464.75,0.18,38482.19,34767.68,3714.51,0.0965
SALE220022,CUST033,PRD002,4,3,2024-10,2024-10-01,8,17506.13,0.06,131646.1,77053.32,54592.78,0.4147
SALE220023,CUST018,PRD001,1,1,2024-10,2024-10-01,6,3142.6,0.13,16404.37,11531.03,4873.34,0.2971
SALE220024,CUST041,PRD002,3,2,2024-10,2024-10-01,6,9595.31,0.17,47784.64,38118.86,9665.78,0.2023
SALE220025,CUST047,PRD008,2,4,2024-10,2024-10-01,4,15590.83,0.11,55503.35,47561.02,7942.33,0.1431
SALE220026,CUST014,PRD007,3,2,2024-10,2024-10-01,7,23722.65,0.08,152773.87,117101.84,35672.03,0.2335
SALE220027,CUST011,PRD007,3,3,2024-10,2024-10-01,2,5630.84,0.17,9347.19,7680.66,1666.53,0.1783
SALE220028,CUST021,PRD002,2,3,2024-10,2024-10-01,4,2553.21,0.17,8476.66,5758.75,2717.91,0.3206
SALE220029,CUST014,PRD008,3,2,2024-10,2024-10-01,5,24592.1,0.06,115582.87,81464.22,34118.65,0.2952
SALE220030,CUST014,PRD004,3,4,2024-10,2024-10-01,3,20474.77,0.03,59581.58,38752.14,20829.44,0.3496
SALE220031,CUST006,PRD006,2,2,2024-10,2024-10-01,6,4680.99,0.01,27805.08,18035.01,9770.07,0.3514
SALE220032,CUST009,PRD002,3,3,2024-10,2024-10-01,9,10404.6,0.1,84277.26,62531.59,21745.67,0.258
SALE220033,CUST035,PRD006,2,2,2024-10,2024-10-01,11,16623.82,0.01,181033.4,121192.58,59840.82,0.3306
SALE220034,CUST027,PRD002,4,3,2024-10,2024-10-01,1,21590.94,0.1,19431.85,16244.75,3187.1,0.164
SALE220035,CUST047,PRD006,2,1,2024-10,2024-10-01,6,5515.33,0.08,30444.62,23668.66,6775.96,0.2226
SALE220036,CUST040,PRD007,1,2,2024-10,2024-10-01,2,7205.11,0.07,13401.5,9895.35,3506.15,0.2616
SALE220037,CUST058,PRD004,3,2,2024-10,2024-10-01,4,16714.58,0.02,65521.15,46712.36,18808.79,0.2871
SALE220038,CUST054,PRD005,4,2,2024-10,2024-10-01,8,13542.55,0.17,89922.53,75878.25,14044.28,0.1562
SALE220039,CUST028,PRD001,4,4,2024-10,2024-10-01,8,2335.61,0.01,18498.03,12255.53,6242.5,0.3375
SALE220040,CUST025,PRD001,3,1,2024-10,2024-10-01,3,10593.07,0.13,27647.91,22703.78,4944.13,0.1788
SALE230001,CUST007,PRD003,3,2,2024-11,2024-11-01,2,16816.89,0.08,30943.08,21395.38,9547.7,0.3086
SALE230002,CUST058,PRD002,3,4,2024-11,2024-11-01,6,11271.47,0.1,60865.94,45095.12,15770.82,0.2591
SALE230003,CUST035,PRD004,2,4,2024-11,2024-11-01,4,9184.91,0.09,33433.07,26098.19,7334.88,0.2194
SALE230004,CUST036,PRD002,4,3,2024-11,2024-11-01,8,4488.54,0.17,29803.91,26264.81,3539.1,0.1187
SALE230005,CUST003,PRD004,3,2,2024-11,2024-11-01,8,3983.17,0.02,31228.05,17783.42,13444.63,0.4305
SALE230006,CUST042,PRD006,2,1,2024-11,2024-11-01,2,12159.72,0.09,22130.69,17455.93,4674.76,0.2112
SALE230007,CUST019,PRD005,1,1,2024-11,2024-11-01,5,15950.43,0.14,68586.85,54691.2,13895.65,0.2026
SALE230008,CUST025,PRD005,3,2,2024-11,2024-11-01,2,12129.45,0.1,21833.01,17225.31,4607.7,0.211
SALE230009,CUST025,PRD001,3,3,2024-11,2024-11-01,5,3214.84,0.08,14788.26,10281.38,4506.88,0.3048
SALE230010,CUST018,PRD008,1,1,2024-11,2024-11-01,7,19396.23,0.17,112692.1,94069.99,18622.11,0.1652
SALE230011,CUST038,PRD007,2,2,2024-11,2024-11-01,3,13440.18,0.17,33466.05,31304.21,2161.84,0.0646
SALE230012,CUST059,PRD007,4,3,2024-11,2024-11-01,8,15652.18,0.12,110191.35,69381.79,40809.56,0.3704
SALE230013,CUST050,PRD006,2,2,2024-11,2024-11-01,1,13787.61,0.1,12408.85,9427.07,2981.78,0.2403
SALE230014,CUST020,PRD004,3,1,2024-11,2024-11-01,5,3524.67,0.11,15684.78,10243.93,5440.85,0.3469
SALE230015,CUST010,PRD005,2,2,2024-11,2024-11-01,5,1968.01,0.15,8364.04,6508.9,1855.14,0.2218
SALE230016,CUST054,PRD005,4,3,2024-11,2024-11-01,11,24187.33,0.16,223490.93,200445.66,23045.27,0.1031
SALE230017,CUST022,PRD004,4,1,2024-11,2024-11-01,2,21513.41,0.03,41736.02,31172.59,10563.43,0.2531
SALE230018,CUST023,PRD006,4,2,2024-11,2024-11-01,1,10614.05,0.11,9446.5,6897.84,2548.66,0.2698
SALE230019,CUST058,PRD003,3,2,2024-11,2024-11-01,7,6703.36,0.09,42700.4,35624.95,7075.45,0.1657
SALE230020,CUST018,PRD006,1,3,2024-11,2024-11-01,8,6280.78,0.09,45724.08,31969.72,13754.36,0.3008
SALE230021,CUST033,PRD007,4,1,2024-11,2024-11-01,5,5436.23,0.12,23919.41,17741.97,6177.44,0.2583
SALE230022,CUST042,PRD007,2,4,2024-11,2024-11-01,8,12643.15,0.03,98110.84,75224.35,22886.49,0.2333
SALE230023,CUST045,PRD004,4,4,2024-11,2024-11-01,7,21683.89,0.12,133572.76,90591.91,42980.85,0.3218
SALE230024,CUST040,PRD003,1,4,2024-11,2024-11-01,3,23873.87,0.07,66608.1,41704.21,24903.89,0.3739
SALE230025,CUST003,PRD008,3,4,2024-11,2024-11-01,8,14379.65,0.13,100082.36,67485.13,32597.23,0.3257
SALE230026,CUST051,PRD007,3,3,2024-11,2024-11-01,8,22058.42,0.02,172938.01,130527.26,42410.75,0.2452
SALE230027,CUST057,PRD008,4,2,2024-11,2024-11-01,2,7003.0,0.11,12465.34,9726.12,2739.22,0.2197
SALE230028,CUST002,PRD007,3,2,2024-11,2024-11-01,8,18741.69,0.12,131941.5,90619.05,41322.45,0.3132
SALE230029,CUST020,PRD001,3,4,2024-11,2024-11-01,1,10008.21,0.03,9707.96,7626.03,2081.93,0.2145
SALE230030,CUST023,PRD004,4,1,2024-11,2024-11-01,11,13359.67,0.08,135199.86,98698.74,36501.12,0.27
SALE230031,CUST016,PRD003,3,4,2024-11,2024-11-01,2,8556.74,0.06,16086.67,13197.35,2889.32,0.1796
SALE230032,CUST015,PRD004,1,2,2024-11,2024-11-01,9,21371.37,0.15,163490.98,132990.3,30500.68,0.1866
SALE230033,CUST011,PRD004,3,2,2024-11,2024-11-01,5,10616.18,0.01,52550.09,35002.35,17547.74,0.3339
SALE230034,CUST024,PRD007,3,4,2024-11,2024-11-01,10,9065.7,0.15,77058.45,51896.59,25161.86,0.3265
SALE230035,CUST018,PRD005,1,3,2024-11,2024-11-01,8,3102.8,0.08,22836.61,18757.79,4078.82,0.1786
SALE230036,CUST005,PRD006,3,4,2024-11,2024-11-01,4,24449.39,0.1,88017.8,56201.49,31816.31,0.3615
SALE230037,CUST020,PRD004,3,4,2024-11,2024-11-01,5,20044.76,0.0,100223.8,62768.32,37455.48,0.3737
SALE230038,CUST023,PRD006,4,4,2024-11,2024-11-01,11,4483.06,0.11,43889.16,37186.39,6702.77,0.1527
SALE230039,CUST046,PRD007,4,1,2024-11,2024-11-01,9,17164.88,0.13,134401.01,99547.19,34853.82,0.2593
SALE230040,CUST033,PRD008,4,2,2024-11,2024-11-01,2,12367.37,0.11,22013.92,17070.16,4943.76,0.2246
SALE240001,CUST024,PRD001,3,1,2024-12,2024-12-01,11,6235.66,0.02,67220.41,47246.9,19973.51,0.2971
SALE240002,CUST053,PRD008,4,3,2024-12,2024-12-01,3,20643.3,0.16,52021.12,46840.02,5181.1,0.0996
SALE240003,CUST008,PRD004,3,2,2024-12,2024-12-01,7,24240.06,0.04,162893.2,112574.32,50318.88,0.3089
SALE240004,CUST033,PRD005,4,3,2024-12,2024-12-01,4,17749.74,0.04,68159.0,42603.92,25555.08,0.3749
SALE240005,CUST046,PRD007,4,2,2024-12,2024-12-01,10,21863.08,0.12,192395.1,167586.9,24808.2,0.1289
SALE240006,CUST016,PRD008,3,1,2024-12,2024-12-01,11,12197.19,0.0,134169.09,82279.1,51889.99,0.3868
SALE240007,CUST021,PRD008,2,2,2024-12,2024-12-01,10,6484.15,0.17,53818.44,35686.66,18131.78,0.3369
SALE240008,CUST030,PRD001,3,2,2024-12,2024-12-01,10,11783.4,0.04,113120.64,86294.12,26826.52,0.2371
SALE240009,CUST010,PRD008,2,4,2024-12,2024-12-01,9,23656.36,0.01,210778.17,146682.18,64095.99,0.3041
SALE240010,CUST040,PRD008,1,1,2024-12,2024-12-01,4,10897.99,0.14,37489.09,27084.91,10404.18,0.2775
SALE240011,CUST029,PRD003,4,3,2024-12,2024-12-01,3,16030.15,0.06,45205.02,29341.3,15863.72,0.3509
SALE240012,CUST001,PRD005,3,4,2024-12,2024-12-01,2,17469.66,0.11,31095.99,22639.81,8456.18,0.2719
SALE240013,CUST023,PRD003,4,3,2024-12,2024-12-01,4,2718.77,0.09,9896.32,7185.61,2710.71,0.2739
SALE240014,CUST021,PRD004,2,1,2024-12,2024-12-01,5,16053.41,0.05,76253.7,54082.81,22170.89,0.2908
SALE240015,CUST031,PRD003,1,4,2024-12,2024-12-01,5,18676.35,0.06,87778.85,71454.31,16324.54,0.186
SALE240016,CUST045,PRD005,4,2,2024-12,2024-12-01,6,6527.37,0.13,34072.87,21667.38,12405.49,0.3641
SALE240017,CUST060,PRD002,3,4,2024-12,2024-12-01,9,14367.3,0.09,117668.19,71555.82,46112.37,0.3919
SALE240018,CUST039,PRD005,4,4,2024-12,2024-12-01,11,1290.3,0.16,11922.37,10716.01,1206.36,0.1012
SALE240019,CUST012,PRD005,1,1,2024-12,2024-12-01,11,1671.55,0.11,16364.47,11160.64,5203.83,0.318
SALE240020,CUST048,PRD003,3,3,2024-12,2024-12-01,7,13561.83,0.16,79743.56,74044.38,5699.18,0.0715
SALE240021,CUST020,PRD001,3,3,2024-12,2024-12-01,11,17524.88,0.04,185062.73,110902.7,74160.03,0.4007
SALE240022,CUST002,PRD002,3,1,2024-12,2024-12-01,2,1941.62,0.05,3689.08,2771.11,917.97,0.2488
SALE240023,CUST046,PRD005,4,1,2024-12,2024-12-01,9,11566.76,0.17,86403.7,65854.05,20549.65,0.2378
SALE240024,CUST055,PRD003,4,2,2024-12,2024-12-01,4,15410.04,0.02,60407.36,47686.38,12720.98,0.2106
SALE240025,CUST060,PRD001,3,3,2024-12,2024-12-01,8,17136.61,0.12,120641.73,95975.5,24666.23,0.2045
SALE240026,CUST056,PRD002,3,3,2024-12,2024-12-01,6,2696.64,0.17,13429.27,9929.44,3499.83,0.2606
SALE240027,CUST015,PRD001,1,1,2024-12,2024-12-01,4,19211.0,0.06,72233.36,42542.69,29690.67,0.411
SALE240028,CUST028,PRD007,4,2,2024-12,2024-12-01,11,15923.17,0.1,157639.38,120049.32,37590.06,0.2385
SALE240029,CUST011,PRD001,3,4,2024-12,2024-12-01,1,15966.88,0.0,15966.88,12199.35,3767.53,0.236
SALE240030,CUST052,PRD006,2,2,2024-12,2024-12-01,4,22522.72,0.01,89189.97,68584.78,20605.19,0.231
SALE240031,CUST007,PRD006,3,3,2024-12,2024-12-01,1,11807.76,0.17,9800.44,8079.54,1720.9,0.1756
SALE240032,CUST022,PRD007,4,1,2024-12,2024-12-01,7,21235.62,0.01,147162.85,113247.85,33915.0,0.2305
SALE240033,CUST024,PRD007,3,3,2024-12,2024-12-01,9,2559.83,0.08,21195.39,14833.21,6362.18,0.3002
SALE240034,CUST060,PRD007,3,2,2024-12,2024-12-01,3,7167.55,0.15,18277.25,14548.63,3728.62,0.204
SALE240035,CUST019,PRD003,1,4,2024-12,2024-12-01,5,21756.91,0.1,97906.1,82579.33,15326.77,0.1565
SALE240036,CUST042,PRD002,2,1,2024-12,2024-12-01,7,24691.9,0.09,157287.4,123160.34,34127.06,0.217
SALE240037,CUST020,PRD003,3,3,2024-12,2024-12-01,5,17915.06,0.12,78826.26,54257.19,24569.07,0.3117
SALE240038,CUST021,PRD003,2,2,2024-12,2024-12-01,4,24850.5,0.07,92443.86,76676.07,15767.79,0.1706
SALE240039,CUST045,PRD005,4,1,2024-12,2024-12-01,5,18467.48,0.13,80333.54,68638.18,11695.36,0.1456
SALE240040,CUST044,PRD006,3,3,2024-12,2024-12-01,11,19469.12,0.04,205593.91,128022.28,77571.63,0.3773
